date,web_traffic,page_views,clicks,impressions,ctr,bounce_rate,avg_session_duration_sec,new_users,returning_users,conversions,conversion_rate,ad_spend_usd,organic_search,referral_traffic,promo_flag,holiday_flag
2020-01-01,2922,2925,225,4843,0.0465,0.4673,174.7,849,2076,11,0.0489,7.31,1511,342,0,1
2020-01-02,2646,2647,183,3679,0.0497,0.4066,118.0,921,1726,8,0.0437,7.37,1492,369,0,0
2020-01-03,2451,2417,114,3230,0.0353,0.3708,159.6,823,1594,3,0.0263,6.41,1215,135,1,0
2020-01-04,2366,2319,172,3477,0.0495,0.1312,152.4,764,1555,4,0.0233,6.75,1171,254,0,0
2020-01-05,2205,2181,123,3197,0.0385,0.1525,200.0,727,1454,4,0.0325,4.23,1248,233,0,0
2020-01-06,2476,2475,129,3488,0.037,0.3252,200.0,669,1806,4,0.031,5.16,1348,133,0,0
2020-01-07,3077,2986,152,4895,0.0311,0.483,190.7,892,2094,6,0.0395,8.28,1872,303,0,0
2020-01-08,3029,2962,156,5009,0.0311,0.3692,158.4,990,1972,7,0.0449,11.32,1749,329,0,0
2020-01-09,2680,2610,174,3961,0.0439,0.243,150.9,676,1934,9,0.0517,5.11,1483,180,0,0
2020-01-10,2464,2405,169,4318,0.0391,0.3352,165.2,828,1577,7,0.0414,9.43,1350,186,0,0
2020-01-11,2157,2081,91,2646,0.0344,0.2647,172.8,546,1535,4,0.044,3.19,1196,237,0,0
2020-01-12,2179,2153,133,3146,0.0423,0.2173,194.4,625,1528,5,0.0376,7.18,1090,208,0,0
2020-01-13,2584,2530,120,3432,0.035,0.3007,200.0,775,1755,3,0.025,6.2,1604,344,0,0
2020-01-14,2604,2564,120,2889,0.0415,0.3797,186.6,878,1686,4,0.0333,4.32,1666,216,0,0
2020-01-15,2687,2658,147,3943,0.0373,0.453,166.5,629,2029,5,0.034,6.78,1401,204,0,0
2020-01-16,2557,2593,178,3826,0.0465,0.3621,111.3,809,1784,8,0.0449,4.62,1343,385,0,0
2020-01-17,2207,2213,185,3989,0.0464,0.3313,172.4,615,1598,5,0.027,4.83,1154,312,0,0
2020-01-18,2159,2168,139,3526,0.0394,0.1098,179.3,521,1647,4,0.0288,3.42,1299,115,0,0
2020-01-19,2117,2093,100,2711,0.0369,0.229,183.2,662,1431,3,0.03,2.63,1254,266,0,0
2020-01-20,2289,2323,162,4346,0.0373,0.2937,200.0,657,1666,8,0.0494,5.74,1457,142,0,0
2020-01-21,2947,2958,238,5159,0.0461,0.4154,200.0,885,2073,8,0.0336,10.03,1813,156,0,0
2020-01-22,2733,2825,167,4566,0.0366,0.4206,152.6,702,2123,7,0.0419,7.82,1603,219,1,0
2020-01-23,2585,2656,132,3864,0.0342,0.4333,170.1,723,1933,6,0.0455,3.69,1572,204,0,0
2020-01-24,2114,2151,89,2814,0.0316,0.2136,160.9,629,1522,2,0.0225,5.85,1298,284,0,0
2020-01-25,2018,2053,115,2927,0.0393,0.2548,181.2,535,1518,4,0.0348,4.98,1184,249,0,0
2020-01-26,2137,2202,150,3782,0.0397,0.2997,190.2,506,1696,7,0.0467,8.48,1258,326,0,0
2020-01-27,2330,2338,205,4388,0.0467,0.4428,200.0,805,1533,7,0.0341,7.92,1395,283,0,0
2020-01-28,2775,2809,175,5080,0.0344,0.4041,193.5,777,2032,8,0.0457,5.4,1639,258,0,0
2020-01-29,2734,2760,146,3870,0.0377,0.4637,184.4,856,1904,4,0.0274,5.85,1647,331,0,0
2020-01-30,2580,2593,153,3309,0.0462,0.3032,114.9,678,1915,3,0.0196,5.87,1535,389,0,0
2020-01-31,2272,2232,159,3411,0.0466,0.187,144.3,565,1667,7,0.044,2.87,1357,270,0,0
2020-02-01,2366,2323,100,2663,0.0376,0.2947,200.0,606,1717,5,0.05,2.19,1385,293,0,0
2020-02-02,2244,2167,133,3391,0.0392,0.2715,183.4,566,1601,7,0.0526,3.37,1252,312,0,0
2020-02-03,2373,2327,123,3422,0.0359,0.4089,197.9,655,1672,5,0.0407,4.03,1401,143,0,0
2020-02-04,2931,2836,194,3990,0.0486,0.3595,189.7,798,2038,9,0.0464,5.76,1609,342,1,0
2020-02-05,2707,2657,102,3138,0.0325,0.4735,149.0,730,1927,5,0.049,4.8,1425,359,1,0
2020-02-06,2670,2626,205,4209,0.0487,0.4868,108.8,578,2048,9,0.0439,4.24,1314,382,0,0
2020-02-07,2081,2044,124,2848,0.0435,0.3276,148.4,561,1483,5,0.0403,5.16,1194,145,0,0
2020-02-08,1962,1918,99,2428,0.0408,0.2663,176.0,432,1486,3,0.0303,4.11,1129,193,0,0
2020-02-09,2212,2168,62,2007,0.0309,0.2722,197.7,475,1693,3,0.0484,2.49,1400,256,0,0
2020-02-10,2536,2513,148,3756,0.0394,0.2715,200.0,854,1659,5,0.0338,3.08,1393,188,0,0
2020-02-11,2743,2724,193,5052,0.0382,0.496,199.6,792,1932,7,0.0363,4.63,1523,300,1,0
2020-02-12,2802,2754,168,5046,0.0333,0.4169,193.8,823,1931,6,0.0357,7.0,1460,209,0,0
2020-02-13,2537,2531,154,3565,0.0432,0.4186,149.2,659,1872,6,0.039,3.68,1292,211,1,0
2020-02-14,2030,2071,141,2857,0.0494,0.2285,141.5,697,1374,5,0.0355,3.9,1276,195,0,0
2020-02-15,1910,1963,129,3129,0.0412,0.1935,167.7,580,1383,3,0.0233,5.45,1055,202,0,0
2020-02-16,1986,2059,119,2677,0.0445,0.3436,200.0,649,1410,6,0.0504,4.34,1218,195,0,0
2020-02-17,2453,2516,123,3926,0.0313,0.3326,200.0,642,1874,4,0.0325,4.5,1518,250,0,0
2020-02-18,2640,2705,172,4472,0.0385,0.5008,186.1,931,1774,6,0.0349,5.88,1544,216,0,0
2020-02-19,2449,2515,142,4390,0.0323,0.4436,175.3,813,1702,3,0.0211,7.56,1588,166,0,0
2020-02-20,2531,2566,160,3798,0.0421,0.3013,159.7,842,1724,3,0.0188,7.94,1454,140,0,0
2020-02-21,2081,2167,154,3162,0.0487,0.3512,133.1,489,1678,4,0.026,6.1,1176,151,0,0
2020-02-22,1858,1935,111,2563,0.0433,0.223,173.7,466,1469,5,0.045,4.18,1228,209,0,0
2020-02-23,2047,2152,91,2872,0.0317,0.3068,169.4,523,1629,2,0.022,3.86,1354,277,0,0
2020-02-24,2406,2473,133,3597,0.037,0.3513,174.6,595,1878,6,0.0451,4.85,1297,166,0,0
2020-02-25,2707,2729,176,4294,0.041,0.351,200.0,896,1833,5,0.0284,9.1,1375,166,0,0
2020-02-26,2540,2578,165,4338,0.038,0.4557,165.6,528,2050,4,0.0242,3.73,1324,322,0,0
2020-02-27,2418,2445,153,3275,0.0467,0.5032,157.0,517,1928,4,0.0261,7.47,1328,197,0,0
2020-02-28,2192,2212,184,3978,0.0463,0.3313,152.6,533,1679,4,0.0217,7.15,1429,321,0,0
2020-02-29,2046,2095,128,3029,0.0423,0.2496,153.8,482,1613,6,0.0469,5.52,1223,254,0,0
2020-03-01,1970,1982,111,2965,0.0374,0.3256,197.8,465,1517,5,0.045,2.54,1102,164,0,0
2020-03-02,2299,2282,108,3082,0.035,0.3605,185.3,730,1552,4,0.037,5.26,1445,180,0,0
2020-03-03,2483,2434,79,2471,0.032,0.4387,200.0,692,1742,2,0.0253,3.77,1382,249,1,0
2020-03-04,2522,2482,154,4162,0.037,0.3929,146.2,499,1983,4,0.026,3.99,1358,144,0,0
2020-03-05,2594,2530,159,4168,0.0381,0.4051,149.1,669,1861,5,0.0314,5.07,1622,156,0,0
2020-03-06,2302,2291,144,3308,0.0435,0.3584,132.1,598,1693,7,0.0486,7.06,1437,155,0,0
2020-03-07,1931,1929,126,2919,0.0432,0.2107,184.7,419,1510,3,0.0238,4.74,1209,246,0,0
2020-03-08,2114,2117,107,3394,0.0315,0.343,192.1,638,1479,4,0.0374,4.82,1221,215,0,0
2020-03-09,2372,2298,103,2729,0.0377,0.3454,199.6,702,1596,3,0.0291,2.48,1421,117,0,0
2020-03-10,2438,2434,114,3393,0.0336,0.3838,200.0,750,1684,3,0.0263,6.35,1282,286,0,0
2020-03-11,2686,2611,144,4331,0.0332,0.4974,173.9,808,1803,5,0.0347,8.03,1530,241,0,0
2020-03-12,2587,2563,149,3202,0.0465,0.379,163.3,513,2050,3,0.0201,5.51,1660,259,0,0
2020-03-13,2155,2076,100,3236,0.0309,0.3446,133.3,712,1364,4,0.04,5.07,1129,148,0,0
2020-03-14,2088,2081,98,2557,0.0383,0.2379,145.2,670,1411,3,0.0306,3.71,1288,219,0,0
2020-03-15,1636,1637,87,2608,0.0334,0.2688,200.0,549,1088,4,0.046,4.41,939,242,0,0
2020-03-16,2303,2301,163,3435,0.0475,0.3747,200.0,466,1835,4,0.0245,3.95,1164,132,0,0
2020-03-17,2440,2463,119,2899,0.041,0.4427,200.0,838,1625,6,0.0504,6.41,1513,193,0,0
2020-03-18,2463,2471,148,4282,0.0346,0.3477,171.7,794,1677,4,0.027,7.21,1298,184,0,0
2020-03-19,2271,2332,126,3155,0.0399,0.3373,157.1,759,1573,6,0.0476,4.0,1387,175,0,0
2020-03-20,1760,1792,107,2398,0.0446,0.3531,120.5,383,1409,5,0.0467,3.54,919,157,0,0
2020-03-21,1755,1821,138,2805,0.0492,0.2459,200.0,566,1255,7,0.0507,5.63,1169,240,0,0
2020-03-22,1892,1946,116,3366,0.0345,0.2456,195.4,669,1277,4,0.0345,3.51,1058,275,0,0
2020-03-23,2234,2325,144,3015,0.0478,0.2821,200.0,702,1623,6,0.0417,3.74,1241,163,0,0
2020-03-24,2305,2329,171,3522,0.0486,0.3742,182.0,665,1664,5,0.0292,6.41,1210,243,1,0
2020-03-25,2289,2347,180,3722,0.0484,0.3464,179.5,802,1545,5,0.0278,4.74,1507,267,0,0
2020-03-26,2186,2202,154,3608,0.0427,0.3883,126.9,587,1615,5,0.0325,7.18,1336,225,1,0
2020-03-27,2029,2088,137,3206,0.0427,0.2767,162.0,605,1483,3,0.0219,3.19,1276,195,0,0
2020-03-28,1809,1839,100,2624,0.0381,0.2042,166.2,499,1340,5,0.05,5.1,1057,127,0,0
2020-03-29,1797,1790,108,2389,0.0452,0.2684,199.3,608,1182,2,0.0185,2.16,1022,177,0,0
2020-03-30,2107,2153,133,3267,0.0407,0.3682,200.0,455,1698,5,0.0376,2.68,1112,194,1,0
2020-03-31,2314,2340,131,3008,0.0436,0.5328,174.1,644,1696,5,0.0382,6.46,1367,303,0,0
2020-04-01,2530,2495,88,2285,0.0385,0.3719,159.6,756,1739,3,0.0341,3.82,1340,315,0,0
2020-04-02,2179,2118,150,3362,0.0446,0.4514,162.1,675,1443,6,0.04,4.46,1369,134,0,0
2020-04-03,1916,1886,147,3170,0.0464,0.3553,194.9,542,1344,3,0.0204,3.64,1168,111,0,0
2020-04-04,1712,1704,58,1751,0.0331,0.2136,170.6,573,1131,2,0.0345,3.02,958,240,0,0
2020-04-05,1662,1628,99,2113,0.0469,0.282,200.0,556,1072,3,0.0303,3.3,851,169,0,0
2020-04-06,2178,2071,137,3363,0.0407,0.3271,200.0,434,1637,7,0.0511,7.69,1279,281,0,0
2020-04-07,2306,2296,206,4389,0.0469,0.4375,200.0,598,1698,9,0.0437,9.98,1190,128,0,0
2020-04-08,2381,2315,134,3482,0.0385,0.5229,138.4,471,1844,7,0.0522,6.1,1223,238,0,0
2020-04-09,2164,2113,108,2862,0.0377,0.4237,154.9,527,1586,2,0.0185,4.19,1124,220,0,1
2020-04-10,1711,1702,120,2491,0.0482,0.332,120.5,477,1225,3,0.025,3.83,993,232,0,0
2020-04-11,1680,1652,103,2932,0.0351,0.231,123.2,556,1096,3,0.0291,5.35,1021,99,0,0
2020-04-12,1687,1712,110,2347,0.0469,0.1976,200.0,560,1152,2,0.0182,2.24,937,127,0,0
2020-04-13,1911,1882,100,2522,0.0397,0.3396,200.0,412,1470,3,0.03,3.26,965,171,0,0
2020-04-14,2205,2182,123,3062,0.0402,0.4885,193.0,467,1715,5,0.0407,2.8,1243,298,0,0
2020-04-15,2257,2298,109,3009,0.0362,0.3711,171.2,663,1635,3,0.0275,2.74,1407,331,0,0
2020-04-16,2314,2308,146,3519,0.0415,0.3406,200.0,646,1662,5,0.0342,3.85,1231,345,0,0
2020-04-17,1801,1841,123,3360,0.0366,0.3129,147.8,442,1399,6,0.0488,5.13,981,269,0,0
2020-04-18,1634,1686,81,2638,0.0307,0.2033,183.5,565,1121,3,0.037,5.22,1083,85,0,0
2020-04-19,1630,1696,87,2458,0.0354,0.2322,185.7,575,1121,3,0.0345,3.76,1091,93,0,0
2020-04-20,1670,1693,74,2441,0.0303,0.3288,200.0,441,1252,2,0.027,3.18,1098,110,1,0
2020-04-21,2039,2137,126,2537,0.0497,0.3599,193.9,713,1424,4,0.0317,2.34,1327,181,1,0
2020-04-22,2097,2194,181,3679,0.0492,0.3988,165.1,565,1629,5,0.0276,5.98,1159,292,0,0
2020-04-23,2252,2319,130,3442,0.0378,0.4286,189.3,720,1599,5,0.0385,4.15,1233,323,0,0
2020-04-24,1682,1746,114,2556,0.0446,0.2412,176.5,474,1272,4,0.0351,4.4,962,120,0,0
2020-04-25,1620,1645,130,3518,0.037,0.1726,176.1,359,1286,6,0.0462,7.97,901,184,1,0
2020-04-26,1613,1653,112,2578,0.0434,0.2403,152.6,561,1092,5,0.0446,2.49,1064,234,0,0
2020-04-27,1698,1730,108,2335,0.0463,0.3866,200.0,464,1266,4,0.037,2.61,1070,167,0,0
2020-04-28,2149,2218,154,3138,0.0491,0.4183,200.0,688,1530,5,0.0325,4.74,1350,134,0,0
2020-04-29,2200,2217,146,3835,0.0381,0.4243,168.7,566,1651,4,0.0274,8.64,1170,212,0,0
2020-04-30,1991,2063,143,3141,0.0455,0.3956,175.0,418,1645,6,0.042,6.15,1313,181,0,0
2020-05-01,1630,1612,69,1954,0.0353,0.2193,181.8,347,1265,2,0.029,4.2,1006,174,0,0
2020-05-02,1775,1734,145,2920,0.0497,0.2772,177.7,476,1258,4,0.0276,3.8,910,163,0,0
2020-05-03,1450,1444,60,1973,0.0304,0.291,181.9,438,1006,2,0.0333,4.51,911,75,0,0
2020-05-04,1938,1890,149,3543,0.0421,0.3295,161.3,473,1417,4,0.0268,3.38,1022,282,0,0
2020-05-05,2318,2288,170,3926,0.0433,0.4785,200.0,696,1592,7,0.0412,3.45,1172,239,0,0
2020-05-06,2036,1951,120,2752,0.0436,0.3911,157.0,595,1356,3,0.025,5.73,1168,190,0,0
2020-05-07,1905,1848,105,3245,0.0324,0.4498,156.5,565,1283,4,0.0381,7.11,1105,269,0,0
2020-05-08,1707,1688,125,2555,0.0489,0.3143,128.0,462,1226,4,0.032,2.39,868,111,0,0
2020-05-09,1547,1464,82,2446,0.0335,0.2357,168.0,494,970,3,0.0366,2.37,802,101,0,0
2020-05-10,1453,1385,94,2212,0.0425,0.2708,199.4,379,1006,4,0.0426,1.88,899,181,0,0
2020-05-11,1806,1781,82,2370,0.0346,0.3446,200.0,476,1305,4,0.0488,2.27,1072,136,0,0
2020-05-12,1890,1846,91,2531,0.036,0.4892,176.4,424,1422,3,0.033,2.82,1125,240,0,0
2020-05-13,2110,2075,145,3540,0.041,0.3937,197.3,511,1564,3,0.0207,7.98,1104,160,0,0
2020-05-14,1756,1758,97,2519,0.0385,0.3553,141.0,363,1395,3,0.0309,4.54,900,94,0,0
2020-05-15,1822,1820,86,2583,0.0333,0.3584,119.5,537,1283,3,0.0349,5.08,986,185,0,0
2020-05-16,1391,1394,61,1825,0.0334,0.2227,171.1,331,1063,2,0.0328,3.58,749,97,0,0
2020-05-17,1453,1494,91,2368,0.0384,0.3168,199.4,367,1127,4,0.044,3.79,800,188,0,0
2020-05-18,1839,1828,158,3496,0.0452,0.435,200.0,577,1251,4,0.0253,6.98,967,209,0,0
2020-05-19,1684,1780,110,2290,0.048,0.4081,200.0,443,1337,4,0.0364,3.88,1043,253,0,0
2020-05-20,1976,1999,95,3008,0.0316,0.4816,168.6,472,1527,2,0.0211,3.83,1098,256,0,0
2020-05-21,1899,1983,134,3535,0.0379,0.3357,150.6,447,1536,6,0.0448,5.8,1236,135,0,0
2020-05-22,1348,1405,67,2085,0.0321,0.3443,130.9,444,961,2,0.0299,3.34,741,183,0,0
2020-05-23,1379,1477,71,2349,0.0302,0.2625,189.7,324,1153,3,0.0423,4.78,841,169,0,0
2020-05-24,1444,1531,85,1971,0.0431,0.2955,200.0,410,1121,2,0.0235,4.48,769,179,1,0
2020-05-25,1742,1788,119,2835,0.042,0.3177,200.0,494,1294,4,0.0336,4.02,1023,238,0,0
2020-05-26,1704,1739,85,2543,0.0334,0.3451,160.6,527,1212,3,0.0353,4.95,884,187,0,0
2020-05-27,1775,1773,104,3009,0.0346,0.4727,200.0,523,1250,3,0.0288,2.86,1147,171,0,0
2020-05-28,1820,1852,98,3218,0.0305,0.2902,128.4,596,1256,4,0.0408,6.32,1146,211,0,0
2020-05-29,1610,1602,151,3233,0.0467,0.2907,141.1,331,1271,6,0.0397,4.39,919,128,0,0
2020-05-30,1457,1457,117,2354,0.0497,0.2996,180.5,356,1101,4,0.0342,2.02,747,99,0,0
2020-05-31,1541,1513,77,2368,0.0325,0.2814,174.8,366,1147,2,0.026,3.18,891,169,0,0
2020-06-01,1570,1582,84,2435,0.0345,0.4474,180.1,351,1231,3,0.0357,4.18,971,116,0,0
2020-06-02,1914,1882,127,2690,0.0472,0.4794,156.2,458,1424,5,0.0394,2.63,995,109,0,0
2020-06-03,1981,1933,147,3030,0.0485,0.4148,187.7,476,1457,5,0.034,6.62,1131,97,0,0
2020-06-04,1702,1674,93,2412,0.0386,0.3948,142.1,466,1208,4,0.043,2.21,1041,186,0,0
2020-06-05,1824,1765,84,2707,0.031,0.3042,200.0,529,1236,3,0.0357,5.94,1086,152,0,0
2020-06-06,1525,1461,79,2577,0.0307,0.1734,153.4,376,1085,2,0.0253,4.8,906,183,0,0
2020-06-07,1340,1306,70,1696,0.0413,0.2248,180.3,402,904,2,0.0286,2.2,825,114,0,0
2020-06-08,1789,1718,112,2969,0.0377,0.322,198.7,430,1288,2,0.0179,4.12,1101,169,0,0
2020-06-09,1685,1711,92,3017,0.0305,0.3264,200.0,417,1294,3,0.0326,5.77,960,155,0,0
2020-06-10,1946,1966,121,2903,0.0417,0.4499,163.9,553,1413,5,0.0413,4.94,1151,226,0,0
2020-06-11,1874,1876,61,2018,0.0302,0.3809,165.2,382,1494,3,0.0492,3.65,1160,161,0,0
2020-06-12,1452,1423,90,1962,0.0459,0.223,133.4,302,1121,2,0.0222,2.71,860,208,0,0
2020-06-13,1491,1503,96,2644,0.0363,0.2727,145.7,395,1108,5,0.0521,4.05,976,216,0,0
2020-06-14,1443,1483,68,2218,0.0307,0.3076,162.7,506,977,2,0.0294,5.07,745,200,0,0
2020-06-15,1707,1720,93,2236,0.0416,0.3614,165.5,530,1190,4,0.043,2.51,952,244,1,0
2020-06-16,2020,2037,108,2850,0.0379,0.412,188.3,434,1603,4,0.037,4.07,1104,193,0,0
2020-06-17,1777,1825,151,3044,0.0496,0.4771,167.3,597,1228,6,0.0397,3.77,984,189,0,0
2020-06-18,1558,1631,107,2625,0.0408,0.4274,140.3,505,1126,2,0.0187,5.11,870,203,0,0
2020-06-19,1360,1403,72,2037,0.0353,0.322,177.8,409,994,2,0.0278,3.96,851,168,0,0
2020-06-20,1255,1279,81,1825,0.0444,0.2113,197.9,413,866,2,0.0247,2.26,656,178,0,0
2020-06-21,1328,1414,71,2010,0.0353,0.2856,192.0,369,1045,3,0.0423,1.85,864,172,0,0
2020-06-22,1650,1652,104,2173,0.0479,0.4098,174.1,385,1267,3,0.0288,1.78,998,247,0,0
2020-06-23,1767,1832,125,3340,0.0374,0.3984,187.4,507,1325,5,0.04,4.81,985,155,0,0
2020-06-24,1882,1944,114,2791,0.0408,0.5524,161.3,549,1395,3,0.0263,3.95,1046,259,1,0
2020-06-25,1682,1715,93,2990,0.0311,0.3671,139.8,481,1234,4,0.043,6.82,1019,205,0,0
2020-06-26,1652,1678,117,3028,0.0386,0.3082,139.0,478,1200,3,0.0256,4.56,1031,200,0,0
2020-06-27,1255,1342,106,2281,0.0465,0.2189,160.3,459,883,3,0.0283,2.7,847,111,0,0
2020-06-28,1732,1746,114,2468,0.0462,0.283,191.0,585,1161,3,0.0263,5.27,1096,224,0,0
2020-06-29,1701,1684,92,2662,0.0346,0.2629,197.3,558,1126,3,0.0326,4.09,1086,236,0,0
2020-06-30,1736,1695,87,2534,0.0343,0.4009,200.0,543,1152,3,0.0345,4.3,995,122,0,0
2020-07-01,1733,1716,105,2264,0.0464,0.3929,180.5,586,1130,5,0.0476,2.14,1092,193,1,0
2020-07-02,1792,1773,135,2775,0.0486,0.4002,134.8,381,1392,3,0.0222,3.81,1102,158,0,0
2020-07-03,1538,1479,60,1870,0.0321,0.3563,178.4,355,1124,2,0.0333,4.14,938,220,0,0
2020-07-04,1559,1462,99,2540,0.039,0.2848,153.7,401,1061,4,0.0404,4.28,734,143,0,1
2020-07-05,1530,1480,77,2082,0.037,0.1532,166.3,484,996,2,0.026,2.74,954,108,0,0
2020-07-06,1649,1605,117,2472,0.0473,0.4521,200.0,443,1162,6,0.0513,4.3,917,142,0,0
2020-07-07,1790,1703,84,2651,0.0317,0.4429,182.4,532,1171,4,0.0476,5.74,1055,196,0,0
2020-07-08,1685,1671,83,2420,0.0343,0.4087,179.8,369,1302,2,0.0241,2.93,867,96,0,0
2020-07-09,1715,1670,122,2701,0.0452,0.4012,104.9,397,1273,4,0.0328,4.21,934,184,0,0
2020-07-10,1727,1618,71,2273,0.0312,0.3154,180.8,501,1117,2,0.0282,5.09,875,232,0,0
2020-07-11,1454,1411,94,2362,0.0398,0.2192,186.8,317,1094,4,0.0426,2.5,767,191,0,0
2020-07-12,1327,1284,61,1580,0.0386,0.2817,168.7,324,960,2,0.0328,2.97,666,73,1,0
2020-07-13,1649,1648,92,2514,0.0366,0.3196,180.4,395,1253,4,0.0435,4.33,1023,246,0,0
2020-07-14,1885,1867,134,3524,0.038,0.408,200.0,471,1396,6,0.0448,6.41,936,224,0,0
2020-07-15,1790,1764,93,2293,0.0406,0.4132,158.6,540,1224,2,0.0215,3.04,965,117,0,0
2020-07-16,1694,1760,80,2401,0.0333,0.3218,136.3,449,1311,4,0.05,3.05,926,90,0,0
2020-07-17,1506,1538,102,2465,0.0414,0.3139,107.6,436,1102,4,0.0392,4.5,905,103,0,0
2020-07-18,1237,1264,89,1941,0.0459,0.2818,166.3,272,992,3,0.0337,2.18,680,169,1,0
2020-07-19,1449,1494,106,2346,0.0452,0.2976,194.2,479,1015,5,0.0472,3.35,805,78,0,0
2020-07-20,1653,1715,91,2740,0.0332,0.391,200.0,438,1277,4,0.044,2.97,983,126,1,0
2020-07-21,1967,1975,106,3213,0.033,0.4444,170.7,587,1388,3,0.0283,2.61,1181,248,0,0
2020-07-22,1979,2023,123,3483,0.0353,0.4209,142.9,625,1398,4,0.0325,7.85,1048,220,0,0
2020-07-23,1532,1601,94,2533,0.0371,0.4354,162.0,371,1230,3,0.0319,3.67,843,205,0,0
2020-07-24,1428,1442,80,2093,0.0382,0.2387,173.1,480,962,2,0.025,4.72,774,180,0,0
2020-07-25,1490,1485,106,2427,0.0437,0.2075,141.9,434,1051,5,0.0472,2.45,959,82,0,0
2020-07-26,1542,1537,90,2890,0.0311,0.2236,200.0,406,1131,2,0.0222,4.86,860,214,0,0
2020-07-27,1704,1737,79,2559,0.0309,0.404,200.0,395,1342,3,0.038,2.82,1025,126,0,0
2020-07-28,2318,2340,116,3054,0.038,0.4753,200.0,799,1541,4,0.0345,6.06,1255,246,1,0
2020-07-29,1969,2000,151,3443,0.0439,0.4719,171.9,627,1373,3,0.0199,6.8,1147,229,0,0
2020-07-30,1954,1936,97,2857,0.034,0.447,102.5,448,1488,5,0.0515,2.77,990,129,1,0
2020-07-31,1752,1699,78,1810,0.0431,0.2626,149.9,426,1273,4,0.0513,3.92,858,251,0,0
2020-08-01,1576,1530,90,2554,0.0352,0.2699,194.5,492,1038,3,0.0333,2.79,873,151,0,0
2020-08-02,1558,1468,98,2045,0.0479,0.2656,180.8,447,1021,3,0.0306,3.52,822,82,0,0
2020-08-03,1787,1802,128,2670,0.0479,0.3923,200.0,567,1235,3,0.0234,6.08,938,259,1,0
2020-08-04,1877,1825,103,2859,0.036,0.4224,195.2,486,1339,3,0.0291,6.07,1101,198,0,0
2020-08-05,2021,1946,104,2993,0.0347,0.4282,115.3,598,1348,3,0.0288,6.69,1263,233,0,0
2020-08-06,1814,1783,112,2927,0.0383,0.4204,186.4,460,1323,4,0.0357,3.85,997,183,0,0
2020-08-07,1645,1631,80,2304,0.0347,0.3504,134.9,378,1253,4,0.05,2.21,968,218,0,0
2020-08-08,1771,1764,123,2827,0.0435,0.2191,183.4,520,1244,5,0.0407,3.06,1137,94,0,0
2020-08-09,1358,1318,89,1909,0.0466,0.2688,197.0,457,861,4,0.0449,2.96,823,101,0,0
2020-08-10,1828,1836,131,3025,0.0433,0.2971,200.0,453,1383,5,0.0382,6.02,1046,178,1,0
2020-08-11,1838,1773,134,2878,0.0466,0.3033,200.0,477,1296,5,0.0373,2.95,1083,102,0,0
2020-08-12,1995,1969,98,2585,0.0379,0.4575,168.6,593,1376,4,0.0408,4.63,1022,237,0,0
2020-08-13,2014,2020,115,3469,0.0332,0.4238,135.1,568,1452,4,0.0348,4.46,1165,181,0,0
2020-08-14,1659,1672,104,2329,0.0447,0.3197,168.9,546,1126,5,0.0481,3.06,906,129,0,0
2020-08-15,1409,1397,86,2321,0.0371,0.155,135.9,439,958,2,0.0233,4.16,732,70,0,0
2020-08-16,1510,1499,102,2359,0.0432,0.2543,200.0,313,1186,2,0.0196,3.54,845,183,0,0
2020-08-17,1819,1884,125,3519,0.0355,0.2391,188.0,659,1225,6,0.048,7.1,979,251,0,0
2020-08-18,1869,1934,89,2815,0.0316,0.4967,200.0,605,1329,3,0.0337,2.91,1170,173,0,0
2020-08-19,2051,2109,150,3016,0.0497,0.3932,176.6,695,1414,7,0.0467,5.99,1199,224,0,0
2020-08-20,1881,1949,97,2916,0.0333,0.4562,165.9,580,1369,5,0.0515,2.61,1130,142,0,0
2020-08-21,1531,1635,117,2353,0.0497,0.3539,154.6,537,1098,3,0.0256,2.57,853,183,0,0
2020-08-22,1757,1829,150,3036,0.0494,0.2075,138.3,397,1432,5,0.0333,5.42,953,94,0,1
2020-08-23,1644,1708,92,2010,0.0458,0.2152,181.5,431,1277,3,0.0326,4.19,1003,169,1,0
2020-08-24,1541,1614,90,2081,0.0432,0.3675,200.0,535,1079,3,0.0333,2.45,1045,185,0,0
2020-08-25,2090,2106,113,2709,0.0417,0.386,200.0,485,1621,5,0.0442,3.5,1083,299,0,0
2020-08-26,2044,2068,165,3495,0.0472,0.4526,196.9,438,1630,5,0.0303,5.61,1123,182,0,0
2020-08-27,2114,2106,139,3880,0.0358,0.3692,161.0,670,1436,5,0.036,4.34,1328,266,0,0
2020-08-28,1642,1672,97,2473,0.0392,0.2176,133.6,544,1128,4,0.0412,4.99,854,184,0,0
2020-08-29,1636,1607,100,2356,0.0424,0.141,157.4,361,1246,2,0.02,4.62,1015,229,1,0
2020-08-30,1769,1744,101,2640,0.0383,0.2832,200.0,572,1172,4,0.0396,2.69,1009,157,0,0
2020-08-31,2033,2020,135,3499,0.0386,0.3219,163.7,612,1408,5,0.037,5.23,1134,165,0,0
2020-09-01,2092,2007,97,2638,0.0368,0.4005,200.0,558,1449,5,0.0515,5.18,1097,278,0,0
2020-09-02,2224,2177,139,3369,0.0413,0.4823,182.2,707,1470,4,0.0288,4.4,1186,120,0,0
2020-09-03,2044,2012,160,3410,0.0469,0.4521,177.5,529,1483,4,0.025,5.97,1098,128,0,0
2020-09-04,1805,1747,95,2796,0.034,0.293,121.4,400,1347,3,0.0316,2.45,1105,102,0,0
2020-09-05,1907,1886,141,2901,0.0486,0.2355,198.2,458,1428,3,0.0213,4.97,1148,253,0,0
2020-09-06,1830,1788,133,3040,0.0438,0.2968,200.0,493,1295,7,0.0526,3.13,1074,91,0,0
2020-09-07,1933,1829,82,1755,0.0467,0.2822,183.6,512,1317,2,0.0244,3.59,1134,249,0,0
2020-09-08,2317,2333,157,3816,0.0411,0.4393,200.0,749,1584,7,0.0446,5.09,1256,222,0,0
2020-09-09,2560,2546,159,3486,0.0456,0.4751,173.3,811,1735,6,0.0377,4.26,1509,128,0,0
2020-09-10,2279,2263,78,2566,0.0304,0.4274,122.1,650,1613,2,0.0256,5.29,1288,204,0,0
2020-09-11,1703,1704,127,2730,0.0465,0.2098,162.8,540,1164,3,0.0236,2.39,1052,117,0,0
2020-09-12,1658,1673,91,2969,0.0307,0.2144,190.0,383,1290,4,0.044,4.14,914,188,0,0
2020-09-13,1991,1951,137,2873,0.0477,0.2279,186.7,405,1546,5,0.0365,3.89,1164,230,1,0
2020-09-14,1925,1962,165,3317,0.0497,0.355,200.0,650,1312,5,0.0303,4.07,1241,194,0,0
2020-09-15,2335,2352,154,4286,0.0359,0.4522,165.4,497,1855,7,0.0455,9.29,1318,127,0,0
2020-09-16,2406,2462,148,4340,0.0341,0.5223,143.4,584,1878,4,0.027,8.36,1256,285,0,0
2020-09-17,2070,2101,174,3841,0.0453,0.3686,155.7,639,1462,6,0.0345,3.44,1213,282,0,0
2020-09-18,1925,1944,112,3205,0.0349,0.2817,153.5,508,1436,4,0.0357,6.0,1073,237,0,0
2020-09-19,1349,1401,100,2123,0.0471,0.31,159.0,464,937,2,0.02,3.38,842,186,0,0
2020-09-20,1670,1737,66,2049,0.0322,0.2866,200.0,425,1312,3,0.0455,4.41,1116,122,0,0
2020-09-21,2036,2087,98,3028,0.0324,0.4134,200.0,421,1666,3,0.0306,3.84,1196,290,0,0
2020-09-22,2200,2227,147,2965,0.0496,0.4426,200.0,546,1681,3,0.0204,4.93,1269,183,0,0
2020-09-23,2635,2646,223,5118,0.0436,0.3896,170.9,759,1887,7,0.0314,7.94,1583,136,0,0
2020-09-24,2094,2116,146,3100,0.0471,0.3267,165.0,543,1573,6,0.0411,4.76,1091,284,0,0
2020-09-25,1942,1965,109,2996,0.0364,0.229,144.1,551,1414,4,0.0367,4.45,1057,283,0,0
2020-09-26,1895,1867,131,3006,0.0436,0.2856,200.0,619,1248,5,0.0382,3.33,1191,216,0,0
2020-09-27,2077,2096,132,3162,0.0417,0.3312,182.5,706,1390,3,0.0227,6.11,1259,153,0,0
2020-09-28,2015,2017,156,3709,0.0421,0.4425,200.0,484,1533,4,0.0256,5.48,1013,152,0,0
2020-09-29,2671,2597,156,3572,0.0437,0.4703,199.4,699,1898,7,0.0449,7.99,1378,251,0,0
2020-09-30,2560,2534,162,3900,0.0415,0.5056,145.8,716,1818,4,0.0247,4.65,1527,354,0,0
2020-10-01,2304,2247,117,3037,0.0385,0.3644,180.3,769,1478,5,0.0427,5.54,1381,146,0,0
2020-10-02,2158,2141,94,2646,0.0355,0.2488,155.5,749,1392,2,0.0213,5.85,1340,284,0,0
2020-10-03,2015,1937,121,2669,0.0453,0.295,190.3,456,1481,5,0.0413,4.79,1053,153,1,0
2020-10-04,1930,1915,99,2858,0.0346,0.2927,200.0,592,1323,3,0.0303,6.02,1225,251,0,0
2020-10-05,2283,2270,141,3210,0.0439,0.3554,200.0,583,1687,5,0.0355,6.55,1323,322,0,0
2020-10-06,2566,2492,118,3393,0.0348,0.4476,186.9,501,1991,3,0.0254,4.55,1506,231,0,0
2020-10-07,2661,2629,136,3204,0.0424,0.4637,192.8,529,2100,3,0.0221,5.45,1550,227,1,0
2020-10-08,2551,2521,168,3740,0.0449,0.4576,153.0,678,1843,4,0.0238,3.87,1307,328,0,0
2020-10-09,2385,2343,97,2809,0.0345,0.3714,166.7,640,1703,2,0.0206,4.5,1510,241,0,0
2020-10-10,1838,1826,94,3017,0.0312,0.2797,130.2,371,1455,3,0.0319,3.46,947,216,0,0
2020-10-11,2286,2307,114,3499,0.0326,0.3141,200.0,699,1608,4,0.0351,6.7,1242,259,0,0
2020-10-12,2082,2099,107,2537,0.0422,0.3757,197.2,512,1587,4,0.0374,4.04,1306,137,0,0
2020-10-13,2560,2600,176,3739,0.0471,0.4051,200.0,738,1862,8,0.0455,5.3,1541,350,0,0
2020-10-14,2784,2769,115,3737,0.0308,0.4853,185.8,679,2090,5,0.0435,4.5,1733,193,0,0
2020-10-15,2559,2552,178,3991,0.0446,0.3237,157.8,574,1978,7,0.0393,9.17,1473,366,0,0
2020-10-16,2083,2145,140,3793,0.0369,0.3593,162.7,560,1585,5,0.0357,3.44,1194,161,0,0
2020-10-17,1981,2011,90,2262,0.0398,0.1928,153.4,472,1539,3,0.0333,1.96,1284,248,0,0
2020-10-18,1998,2054,152,3128,0.0486,0.2861,200.0,576,1478,5,0.0329,3.52,1038,161,1,0
2020-10-19,2328,2334,126,3426,0.0368,0.3077,200.0,536,1798,6,0.0476,7.73,1467,191,0,0
2020-10-20,2821,2800,180,4576,0.0393,0.4559,200.0,774,2026,5,0.0278,10.38,1497,227,1,0
2020-10-21,2796,2822,132,4353,0.0303,0.4458,200.0,631,2191,3,0.0227,7.76,1770,352,0,0
2020-10-22,2451,2510,107,3388,0.0316,0.3137,141.6,755,1755,4,0.0374,7.18,1307,265,0,0
2020-10-23,2321,2393,121,3437,0.0352,0.3276,137.0,749,1644,3,0.0248,3.85,1405,331,0,0
2020-10-24,2110,2132,87,2859,0.0304,0.2236,174.1,462,1670,4,0.046,6.46,1350,172,0,0
2020-10-25,2247,2272,166,3897,0.0426,0.3159,200.0,614,1658,8,0.0482,3.95,1297,271,1,0
2020-10-26,2495,2549,148,3834,0.0386,0.3501,200.0,537,2012,3,0.0203,3.65,1560,319,0,0
2020-10-27,2677,2675,206,5030,0.041,0.448,200.0,775,1900,5,0.0243,4.87,1660,174,0,0
2020-10-28,2864,2790,139,4151,0.0335,0.3996,179.5,669,2121,5,0.036,6.89,1703,251,0,0
2020-10-29,2799,2754,134,3741,0.0358,0.3639,133.0,769,1985,5,0.0373,7.38,1759,271,0,0
2020-10-30,2416,2421,125,2899,0.0431,0.2837,163.3,672,1749,4,0.032,3.91,1373,207,0,0
2020-10-31,2187,2150,121,2450,0.0494,0.2953,190.6,728,1422,5,0.0413,5.55,1131,177,0,0
2020-11-01,2302,2247,82,2659,0.0308,0.3557,200.0,634,1613,3,0.0366,3.86,1140,267,0,0
2020-11-02,2754,2692,200,4182,0.0478,0.3097,200.0,774,1918,6,0.03,4.29,1446,193,0,0
2020-11-03,2777,2776,185,4446,0.0416,0.482,174.4,722,2054,4,0.0216,6.66,1448,336,0,0
2020-11-04,3043,2997,146,3548,0.0411,0.339,182.7,1026,1971,6,0.0411,6.45,1749,430,0,0
2020-11-05,2764,2709,182,4548,0.04,0.3337,129.6,858,1851,5,0.0275,9.32,1430,289,0,0
2020-11-06,2419,2381,105,3341,0.0314,0.2587,130.7,578,1803,5,0.0476,4.97,1204,265,0,0
2020-11-07,2317,2338,114,3576,0.0319,0.1849,160.7,764,1574,4,0.0351,6.04,1182,133,0,0
2020-11-08,2412,2387,183,4350,0.0421,0.1926,179.9,632,1755,7,0.0383,5.22,1491,326,1,0
2020-11-09,2742,2698,167,4531,0.0369,0.3706,199.0,875,1823,8,0.0479,8.01,1588,212,0,0
2020-11-10,3065,3072,215,4443,0.0484,0.4175,194.4,994,2078,10,0.0465,10.13,1701,343,0,0
2020-11-11,2989,3003,151,3969,0.038,0.4665,190.1,686,2317,5,0.0331,3.47,1904,444,0,0
2020-11-12,2911,2879,101,3079,0.0328,0.4279,146.5,879,2000,3,0.0297,6.56,1470,315,0,0
2020-11-13,2399,2425,146,3289,0.0444,0.3199,121.3,591,1834,6,0.0411,5.41,1569,297,1,0
2020-11-14,2269,2295,120,3346,0.0359,0.2854,196.1,561,1734,4,0.0333,3.94,1360,217,0,0
2020-11-15,2231,2324,123,3027,0.0406,0.2683,182.0,568,1756,3,0.0244,6.76,1226,130,0,0
2020-11-16,2594,2669,173,3933,0.044,0.2907,200.0,824,1845,8,0.0462,6.0,1606,346,0,0
2020-11-17,3067,3049,222,4620,0.0481,0.4811,200.0,715,2334,6,0.027,5.99,1874,163,0,0
2020-11-18,2966,2966,198,4316,0.0459,0.418,177.3,594,2372,4,0.0202,4.63,1674,356,0,0
2020-11-19,3070,3106,185,4255,0.0435,0.3466,174.9,954,2152,4,0.0216,4.96,1954,162,0,0
2020-11-20,2276,2392,160,3669,0.0436,0.2977,162.6,540,1852,6,0.0375,7.52,1250,326,0,0
2020-11-21,2072,2155,167,3423,0.0488,0.2069,156.1,465,1690,7,0.0419,5.89,1168,142,1,0
2020-11-22,2446,2524,116,3236,0.0358,0.2509,200.0,595,1929,3,0.0259,7.02,1297,256,0,0
2020-11-23,2733,2804,150,4997,0.03,0.3672,200.0,721,2083,4,0.0267,5.74,1491,308,0,0
2020-11-24,3077,3109,163,4602,0.0354,0.4456,195.8,844,2265,5,0.0307,4.52,1666,298,0,0
2020-11-25,3209,3196,165,4806,0.0343,0.4026,192.6,661,2535,7,0.0424,3.89,2038,269,0,1
2020-11-26,2886,2905,206,4769,0.0432,0.369,158.0,1004,1901,4,0.0194,7.45,1487,281,0,0
2020-11-27,2451,2450,162,3789,0.0428,0.3603,161.0,753,1697,8,0.0494,8.71,1382,199,0,0
2020-11-28,2361,2350,166,3973,0.0418,0.2773,200.0,584,1766,4,0.0241,7.32,1363,220,1,0
2020-11-29,2401,2345,111,3652,0.0304,0.3756,193.2,581,1764,6,0.0541,4.61,1489,201,0,0
2020-11-30,2935,2871,176,3955,0.0445,0.409,200.0,767,2104,4,0.0227,8.37,1865,306,0,0
2020-12-01,3114,3066,176,4821,0.0365,0.4854,200.0,901,2165,8,0.0455,9.51,1879,226,0,0
2020-12-02,3157,3071,169,3904,0.0433,0.3781,194.8,682,2389,5,0.0296,3.21,1983,457,0,0
2020-12-03,2951,2913,182,4433,0.0411,0.4316,122.8,665,2248,4,0.022,8.98,1800,292,0,0
2020-12-04,2748,2646,146,3951,0.037,0.304,113.7,870,1776,7,0.0479,4.94,1705,184,0,0
2020-12-05,2337,2308,110,3366,0.0327,0.225,161.6,550,1758,5,0.0455,3.45,1399,226,0,0
2020-12-06,2346,2362,111,3482,0.0319,0.2802,166.0,607,1755,4,0.036,3.97,1209,323,0,0
2020-12-07,2821,2822,148,3171,0.0467,0.3973,200.0,933,1889,6,0.0405,4.77,1581,147,0,0
2020-12-08,3144,3155,212,4386,0.0483,0.4532,200.0,945,2210,8,0.0377,6.3,1884,372,0,0
2020-12-09,3149,3151,206,4785,0.0431,0.4036,155.5,792,2359,9,0.0437,5.9,1741,330,0,0
2020-12-10,2977,2933,144,4493,0.032,0.4305,124.4,887,2046,4,0.0278,4.76,1587,196,0,0
2020-12-11,2643,2656,131,3438,0.0381,0.2747,154.4,539,2117,5,0.0382,6.68,1558,350,0,0
2020-12-12,2179,2230,174,3910,0.0445,0.2633,190.6,692,1538,6,0.0345,8.93,1427,194,0,0
2020-12-13,2256,2320,140,3078,0.0455,0.2566,164.8,633,1687,4,0.0286,6.05,1172,184,0,0
2020-12-14,2706,2737,150,4636,0.0324,0.3391,200.0,881,1856,7,0.0467,5.77,1684,364,0,0
2020-12-15,3142,3133,149,4967,0.03,0.4665,200.0,1075,2058,4,0.0268,5.8,1906,357,0,0
2020-12-16,3245,3282,199,4499,0.0442,0.3955,192.4,1112,2170,5,0.0251,5.07,2116,459,0,1
2020-12-17,3177,3196,220,5929,0.0371,0.4906,177.3,1075,2121,8,0.0364,5.96,2044,361,0,0
2020-12-18,2718,2756,122,3476,0.0351,0.2156,197.0,763,1993,5,0.041,5.66,1693,342,0,0
2020-12-19,2310,2406,123,4051,0.0304,0.2226,166.2,611,1795,3,0.0244,6.92,1391,322,0,0
2020-12-20,2478,2508,174,4264,0.0408,0.2903,200.0,677,1831,6,0.0345,7.92,1331,139,0,0
2020-12-21,2649,2726,175,3723,0.047,0.3792,200.0,827,1899,8,0.0457,6.78,1586,348,0,0
2020-12-22,3131,3181,278,5657,0.0491,0.4232,198.7,1058,2123,8,0.0288,7.01,1956,354,0,0
2020-12-23,3183,3234,194,4689,0.0414,0.4446,200.0,747,2487,8,0.0412,6.07,2051,184,0,0
2020-12-24,3055,3078,193,4795,0.0403,0.4139,126.1,1040,2038,8,0.0415,8.74,1904,310,0,0
2020-12-25,2553,2571,126,3990,0.0316,0.2951,135.7,829,1742,4,0.0317,5.28,1361,150,0,1
2020-12-26,2491,2502,151,3686,0.041,0.3222,200.0,868,1634,7,0.0464,4.12,1476,309,0,0
2020-12-27,2710,2708,169,4501,0.0375,0.3138,200.0,899,1809,7,0.0414,6.13,1489,283,0,0
2020-12-28,2876,2848,199,4724,0.0421,0.3936,200.0,689,2159,7,0.0352,5.71,1428,414,0,0
2020-12-29,3268,3247,141,3735,0.0378,0.3799,200.0,701,2546,5,0.0355,3.48,1721,222,0,0
2020-12-30,3398,3366,206,5927,0.0348,0.4435,180.1,730,2636,8,0.0388,12.12,1740,372,0,0
2020-12-31,3107,3004,112,3507,0.0319,0.3784,183.0,732,2272,4,0.0357,7.29,1882,214,0,0
2021-01-01,2786,2707,168,4620,0.0364,0.2563,154.5,791,1916,8,0.0476,5.22,1458,302,0,1
2021-01-02,2484,2449,135,4225,0.032,0.2705,193.8,785,1664,4,0.0296,3.79,1329,299,0,0
2021-01-03,2596,2543,109,3260,0.0334,0.2449,200.0,852,1691,3,0.0275,6.22,1638,311,0,0
2021-01-04,2823,2775,196,3934,0.0498,0.3828,200.0,815,1960,5,0.0255,4.4,1545,365,1,0
2021-01-05,3254,3208,160,4103,0.039,0.3747,199.7,644,2564,3,0.0188,5.7,1609,434,0,0
2021-01-06,3385,3348,198,4878,0.0406,0.5334,187.8,763,2585,4,0.0202,4.37,1817,193,0,0
2021-01-07,3261,3229,221,4645,0.0476,0.3486,145.7,694,2535,10,0.0452,5.29,1672,272,0,0
2021-01-08,2810,2797,231,4632,0.0499,0.3176,200.0,712,2085,9,0.039,9.21,1442,332,0,0
2021-01-09,2699,2707,199,4770,0.0417,0.2921,176.9,745,1962,8,0.0402,9.57,1385,270,1,0
2021-01-10,2427,2439,201,4339,0.0463,0.2433,193.2,504,1935,8,0.0398,4.82,1437,168,0,0
2021-01-11,2909,2971,151,4122,0.0366,0.3926,193.3,749,2222,7,0.0464,5.37,1570,313,0,0
2021-01-12,3225,3224,170,4701,0.0362,0.3667,200.0,731,2493,6,0.0353,4.71,1787,293,0,0
2021-01-13,3531,3546,157,4125,0.0381,0.5201,190.7,1053,2493,7,0.0446,3.76,2232,316,0,0
2021-01-14,2976,2953,172,3954,0.0435,0.3941,143.0,796,2157,5,0.0291,9.05,1664,387,0,0
2021-01-15,2496,2575,190,4359,0.0436,0.2768,164.5,706,1869,9,0.0474,7.77,1641,234,0,0
2021-01-16,2310,2370,157,4321,0.0363,0.2375,143.2,626,1744,6,0.0382,6.97,1362,125,0,0
2021-01-17,2253,2268,93,2842,0.0327,0.3123,200.0,779,1489,3,0.0323,5.54,1270,127,0,0
2021-01-18,2754,2793,165,3859,0.0428,0.3208,200.0,649,2144,6,0.0364,7.95,1711,379,0,0
2021-01-19,3099,3098,151,4631,0.0326,0.3907,200.0,860,2238,5,0.0331,9.31,1583,452,0,0
2021-01-20,3288,3287,213,5115,0.0416,0.4364,157.9,1020,2267,5,0.0235,4.22,1688,391,0,0
2021-01-21,2966,3076,181,4116,0.044,0.3345,127.4,872,2204,7,0.0387,4.45,1839,266,0,0
2021-01-22,2865,2887,201,4575,0.0439,0.3976,135.1,980,1907,6,0.0299,8.15,1654,415,0,0
2021-01-23,2531,2543,161,3574,0.045,0.2242,146.6,653,1890,3,0.0186,4.87,1573,296,0,0
2021-01-24,2428,2439,173,3651,0.0474,0.3134,200.0,657,1782,8,0.0462,8.3,1555,328,0,0
2021-01-25,2718,2731,176,4395,0.04,0.3605,200.0,582,2149,7,0.0398,7.9,1525,346,0,0
2021-01-26,3284,3227,216,4845,0.0446,0.379,200.0,940,2287,10,0.0463,10.83,1902,284,0,0
2021-01-27,3108,3088,185,4362,0.0424,0.4472,197.8,751,2337,7,0.0378,4.81,1776,302,0,0
2021-01-28,3167,3232,161,4777,0.0337,0.4326,155.7,724,2508,5,0.0311,10.01,2092,222,0,0
2021-01-29,2807,2783,126,4125,0.0305,0.2972,151.1,784,1999,4,0.0317,5.29,1738,220,0,0
2021-01-30,2457,2352,120,3354,0.0358,0.3122,166.7,658,1694,5,0.0417,7.66,1498,301,0,0
2021-01-31,2295,2281,128,3303,0.0388,0.3229,192.5,482,1799,6,0.0469,3.42,1228,318,0,0
2021-02-01,3061,2975,229,5414,0.0423,0.3959,179.0,907,2068,6,0.0262,8.52,1832,364,0,0
2021-02-02,3205,3124,237,5036,0.0471,0.4052,200.0,917,2207,11,0.0464,10.02,1686,302,0,0
2021-02-03,3403,3363,164,4846,0.0338,0.3935,172.5,768,2595,8,0.0488,7.02,1787,197,0,0
2021-02-04,2840,2791,149,4576,0.0326,0.3627,167.9,755,2036,6,0.0403,6.87,1791,155,0,0
2021-02-05,2576,2541,179,3642,0.0491,0.3164,154.8,783,1758,9,0.0503,8.3,1278,222,0,0
2021-02-06,2397,2383,133,4134,0.0322,0.2798,170.1,666,1717,4,0.0301,5.94,1537,230,0,0
2021-02-07,2464,2464,153,3878,0.0395,0.1632,181.3,639,1825,7,0.0458,6.62,1287,273,0,0
2021-02-08,2779,2726,168,4030,0.0417,0.3496,200.0,677,2049,7,0.0417,3.55,1698,138,0,0
2021-02-09,3170,3175,206,5047,0.0408,0.4361,200.0,926,2249,4,0.0194,10.41,1719,473,0,0
2021-02-10,3012,3046,115,3612,0.0318,0.4336,150.5,1038,2008,5,0.0435,6.4,1683,263,0,0
2021-02-11,2922,2926,116,3730,0.0311,0.458,154.7,880,2046,4,0.0345,5.24,1558,394,1,0
2021-02-12,2576,2593,105,3270,0.0321,0.3277,157.6,548,2045,4,0.0381,2.7,1524,268,0,0
2021-02-13,2329,2411,154,3685,0.0418,0.318,159.0,649,1762,6,0.039,6.22,1331,152,0,0
2021-02-14,2446,2509,189,4633,0.0408,0.261,186.9,837,1672,5,0.0265,3.79,1502,326,0,0
2021-02-15,2506,2605,176,5070,0.0347,0.3969,200.0,558,2047,6,0.0341,4.07,1309,315,0,0
2021-02-16,2897,2870,200,4671,0.0428,0.5099,176.0,1000,1870,9,0.045,8.05,1463,295,0,0
2021-02-17,3219,3280,244,5249,0.0465,0.5131,180.3,1123,2157,5,0.0205,5.69,1689,333,0,0
2021-02-18,2870,2938,103,3349,0.0308,0.3388,135.1,622,2316,3,0.0291,3.64,1654,173,0,0
2021-02-19,2390,2448,136,3406,0.0399,0.2939,174.2,832,1616,3,0.0221,6.06,1523,283,0,0
2021-02-20,2438,2498,147,3353,0.0438,0.2352,200.0,636,1862,5,0.034,2.95,1582,353,0,0
2021-02-21,2363,2398,116,3299,0.0352,0.2963,181.5,783,1615,5,0.0431,4.19,1287,142,0,0
2021-02-22,2853,2836,150,4159,0.0361,0.3843,200.0,745,2091,7,0.0467,4.26,1662,217,0,0
2021-02-23,3003,3010,179,4231,0.0423,0.3862,184.2,801,2209,9,0.0503,7.07,1852,422,0,0
2021-02-24,3277,3319,176,3665,0.048,0.4509,194.1,980,2339,7,0.0398,6.57,1803,260,0,0
2021-02-25,3033,3057,233,5043,0.0462,0.2924,127.7,967,2090,6,0.0258,9.49,1716,353,0,0
2021-02-26,2488,2462,132,3165,0.0417,0.3787,162.6,505,1957,6,0.0455,3.74,1425,255,0,0
2021-02-27,2390,2386,165,3693,0.0447,0.2269,155.9,689,1697,7,0.0424,3.45,1241,262,0,0
2021-02-28,2448,2417,173,4628,0.0374,0.2746,194.6,551,1866,6,0.0347,4.25,1218,221,0,0
2021-03-01,2930,2807,158,3694,0.0428,0.3345,189.4,707,2100,6,0.038,5.32,1468,225,0,0
2021-03-02,2845,2828,111,2811,0.0395,0.4855,200.0,713,2115,5,0.045,6.24,1680,155,0,0
2021-03-03,3099,3093,151,4463,0.0338,0.3056,156.6,836,2257,6,0.0397,5.03,1581,385,0,0
2021-03-04,2944,2916,221,5016,0.0441,0.3926,164.0,729,2187,7,0.0317,5.94,1541,363,0,0
2021-03-05,2224,2230,173,4218,0.041,0.3013,146.1,482,1748,7,0.0405,4.01,1228,261,0,0
2021-03-06,2162,2080,97,2609,0.0372,0.2298,171.0,461,1619,2,0.0206,4.46,1064,238,0,0
2021-03-07,2048,2046,158,3272,0.0483,0.3581,200.0,419,1627,5,0.0316,5.95,1082,152,0,0
2021-03-08,2554,2554,109,3593,0.0303,0.3056,194.8,691,1863,4,0.0367,6.34,1626,133,0,0
2021-03-09,2946,2966,159,4386,0.0363,0.4668,200.0,1018,1948,4,0.0252,9.17,1492,388,0,0
2021-03-10,3086,3126,197,6342,0.0311,0.4653,200.0,679,2447,4,0.0203,9.7,1869,310,0,0
2021-03-11,2735,2737,149,3283,0.0454,0.4565,137.4,936,1801,4,0.0268,3.29,1526,221,0,0
2021-03-12,2549,2582,176,4004,0.044,0.2733,176.4,800,1782,7,0.0398,4.94,1552,155,0,0
2021-03-13,1932,2006,117,3197,0.0366,0.2159,200.0,593,1413,5,0.0427,5.73,1180,113,1,0
2021-03-14,1992,2033,152,3491,0.0435,0.3266,182.4,603,1430,8,0.0526,6.0,1085,173,0,0
2021-03-15,2494,2520,145,3829,0.0379,0.3713,180.9,817,1703,4,0.0276,6.11,1580,329,0,0
2021-03-16,2802,2859,201,4465,0.045,0.3509,200.0,618,2241,8,0.0398,8.15,1640,406,0,0
2021-03-17,2842,2872,160,4083,0.0392,0.4205,162.4,792,2080,8,0.05,7.17,1790,401,0,0
2021-03-18,2415,2414,143,3751,0.0381,0.4127,190.3,735,1679,4,0.028,7.96,1354,343,0,0
2021-03-19,2293,2318,162,3318,0.0488,0.3485,153.7,668,1650,7,0.0432,5.57,1501,326,1,0
2021-03-20,1921,1962,112,3187,0.0351,0.2185,157.3,637,1325,5,0.0446,6.27,1208,202,0,0
2021-03-21,2244,2263,105,3227,0.0325,0.1261,175.8,477,1786,2,0.019,3.79,1459,163,0,0
2021-03-22,2538,2508,165,3951,0.0418,0.3762,200.0,761,1747,8,0.0485,7.18,1447,326,0,0
2021-03-23,2556,2629,194,3928,0.0494,0.3672,187.3,736,1893,9,0.0464,8.46,1501,188,1,0
2021-03-24,2740,2741,178,4729,0.0376,0.3466,174.2,704,2037,4,0.0225,6.52,1681,210,0,0
2021-03-25,2427,2467,115,3675,0.0313,0.2518,172.1,619,1848,3,0.0261,7.23,1559,181,0,0
2021-03-26,2268,2261,95,2590,0.0367,0.3473,143.3,663,1598,2,0.0211,4.89,1457,229,0,0
2021-03-27,2150,2179,153,3818,0.0401,0.2589,172.4,727,1452,5,0.0327,3.4,1196,179,0,0
2021-03-28,2050,2007,88,2647,0.0332,0.2605,198.4,551,1456,3,0.0341,4.43,1244,131,0,0
2021-03-29,2497,2459,145,3367,0.0431,0.4195,200.0,796,1663,5,0.0345,3.35,1307,234,0,0
2021-03-30,2688,2606,180,3599,0.05,0.46,200.0,678,1928,5,0.0278,8.1,1516,358,0,0
2021-03-31,2668,2633,182,4673,0.0389,0.5283,168.9,567,2066,9,0.0495,9.43,1388,282,0,0
2021-04-01,2550,2512,100,2695,0.0371,0.3238,154.2,526,1986,3,0.03,2.6,1387,346,0,0
2021-04-02,2124,2083,168,4432,0.0379,0.3049,145.5,433,1650,4,0.0238,4.36,1333,145,0,0
2021-04-03,2066,1942,107,3323,0.0322,0.1717,143.8,499,1443,3,0.028,5.62,1014,130,0,0
2021-04-04,1991,1924,142,2972,0.0478,0.2603,200.0,482,1442,5,0.0352,3.92,1145,207,0,0
2021-04-05,2653,2569,146,3825,0.0382,0.3376,200.0,790,1779,5,0.0342,3.26,1513,247,0,0
2021-04-06,2660,2601,153,4050,0.0378,0.4595,181.0,810,1791,4,0.0261,6.53,1348,302,0,0
2021-04-07,2625,2569,178,4121,0.0432,0.4498,157.9,533,2036,4,0.0225,5.69,1410,333,0,0
2021-04-08,2457,2481,157,4042,0.0388,0.4246,135.6,578,1903,7,0.0446,3.85,1450,310,0,0
2021-04-09,2127,2133,148,3437,0.0431,0.3418,167.5,514,1619,7,0.0473,6.88,1126,308,0,0
2021-04-10,1907,1926,91,2924,0.0311,0.3603,182.3,543,1383,3,0.033,6.35,1194,173,0,0
2021-04-11,2075,2084,141,3044,0.0463,0.2561,195.5,462,1622,4,0.0284,5.89,1346,147,0,0
2021-04-12,2336,2359,169,3467,0.0487,0.3029,191.6,519,1840,7,0.0414,7.05,1255,248,0,0
2021-04-13,2382,2460,154,3594,0.0428,0.4405,200.0,840,1620,6,0.039,4.04,1299,150,0,0
2021-04-14,2473,2509,213,4332,0.0492,0.4074,142.0,804,1705,7,0.0329,5.18,1426,198,0,0
2021-04-15,2249,2353,126,3809,0.0331,0.4675,155.8,534,1819,6,0.0476,4.24,1440,167,0,0
2021-04-16,1786,1810,65,1651,0.0394,0.2925,170.4,472,1338,2,0.0308,3.22,981,162,0,0
2021-04-17,1668,1715,118,2797,0.0422,0.2242,148.3,434,1281,4,0.0339,6.21,863,105,0,0
2021-04-18,2105,2117,136,3258,0.0417,0.2483,168.1,675,1442,5,0.0368,6.11,1230,113,0,0
2021-04-19,2360,2401,137,3593,0.0381,0.3859,200.0,664,1737,7,0.0511,7.63,1545,278,0,0
2021-04-20,2365,2422,127,3445,0.0369,0.4203,186.5,531,1891,6,0.0472,6.06,1353,269,0,0
2021-04-21,2491,2575,144,4441,0.0324,0.4154,196.0,800,1775,3,0.0208,6.14,1450,311,0,0
2021-04-22,2315,2356,151,3980,0.0379,0.4767,149.9,611,1745,5,0.0331,5.73,1520,273,0,0
2021-04-23,2352,2396,107,3224,0.0332,0.2638,149.7,574,1822,4,0.0374,2.94,1448,147,0,0
2021-04-24,1979,1978,140,3128,0.0448,0.2543,182.1,507,1471,4,0.0286,2.65,1202,156,0,0
2021-04-25,1870,1883,84,2459,0.0342,0.3044,181.0,517,1366,3,0.0357,4.53,1100,119,0,0
2021-04-26,2056,2027,77,2481,0.031,0.2684,200.0,510,1517,3,0.039,3.62,1310,272,0,0
2021-04-27,2251,2190,124,3010,0.0412,0.4522,191.1,517,1673,5,0.0403,4.9,1321,273,0,0
2021-04-28,2447,2460,172,4114,0.0418,0.3947,146.9,639,1821,9,0.0523,6.73,1560,173,1,0
2021-04-29,2200,2163,173,3657,0.0473,0.4345,159.7,439,1724,5,0.0289,4.45,1308,182,0,0
2021-04-30,1842,1800,120,2885,0.0416,0.2585,147.7,569,1231,6,0.05,4.37,1098,264,0,0
2021-05-01,1772,1715,104,2821,0.0369,0.2871,170.2,387,1328,4,0.0385,4.25,932,188,0,0
2021-05-02,1786,1716,127,2751,0.0462,0.3271,174.5,355,1361,4,0.0315,3.8,936,223,0,0
2021-05-03,2382,2285,128,3134,0.0408,0.3931,200.0,681,1604,5,0.0391,6.37,1411,175,1,0
2021-05-04,2438,2424,121,3845,0.0315,0.4407,200.0,766,1658,3,0.0248,5.68,1320,172,0,0
2021-05-05,2364,2368,162,3931,0.0412,0.4359,192.6,763,1605,7,0.0432,6.7,1384,304,0,0
2021-05-06,2414,2371,188,3914,0.048,0.3646,146.9,650,1721,7,0.0372,8.39,1274,281,0,0
2021-05-07,1970,1927,127,3349,0.0379,0.3802,118.4,445,1482,4,0.0315,7.03,1200,228,0,0
2021-05-08,1683,1641,97,2694,0.036,0.2175,200.0,510,1131,4,0.0412,5.75,848,173,0,0
2021-05-09,1968,1980,102,3109,0.0328,0.22,197.5,604,1376,4,0.0392,3.75,1236,211,0,0
2021-05-10,2046,2093,118,3587,0.0329,0.3833,195.0,496,1597,3,0.0254,3.06,1236,259,0,0
2021-05-11,2160,2134,123,3190,0.0386,0.3884,200.0,716,1418,3,0.0244,3.8,1127,164,0,0
2021-05-12,2280,2285,127,3024,0.042,0.4,196.7,493,1792,4,0.0315,3.68,1328,195,0,0
2021-05-13,1991,2032,94,2982,0.0315,0.3212,152.5,706,1326,3,0.0319,6.45,1102,279,0,0
2021-05-14,1601,1703,112,2301,0.0487,0.2825,178.5,560,1143,5,0.0446,4.08,934,138,0,0
2021-05-15,1749,1812,112,2473,0.0453,0.2484,195.0,549,1263,5,0.0446,2.28,1002,190,0,0
2021-05-16,1955,1982,122,2916,0.0418,0.284,177.2,675,1307,4,0.0328,2.92,1010,238,0,0
2021-05-17,1774,1811,113,2429,0.0465,0.3976,196.5,558,1253,5,0.0442,2.51,1173,272,0,0
2021-05-18,2180,2271,103,3267,0.0315,0.4545,200.0,519,1752,3,0.0291,5.7,1146,212,0,0
2021-05-19,2146,2175,96,2439,0.0394,0.4379,119.1,579,1596,4,0.0417,4.64,1304,202,0,0
2021-05-20,1982,2028,133,3129,0.0425,0.3835,150.0,427,1601,3,0.0226,6.54,1127,272,0,0
2021-05-21,1756,1755,123,2633,0.0467,0.3321,124.4,454,1301,4,0.0325,5.82,1048,229,0,0
2021-05-22,1509,1559,95,2084,0.0456,0.3161,163.8,485,1074,4,0.0421,2.3,863,192,0,0
2021-05-23,1680,1719,100,2805,0.0357,0.2781,192.7,443,1276,2,0.02,3.55,1033,166,0,0
2021-05-24,1829,1836,151,3098,0.0487,0.3265,200.0,458,1378,6,0.0397,3.6,1119,151,0,0
2021-05-25,2175,2188,84,2579,0.0326,0.3785,187.7,633,1555,4,0.0476,3.45,1321,243,0,0
2021-05-26,2183,2199,141,2963,0.0476,0.3752,151.4,727,1472,5,0.0355,6.44,1137,303,0,0
2021-05-27,2091,2015,134,2713,0.0494,0.4267,198.8,417,1598,4,0.0299,4.51,1206,279,0,0
2021-05-28,1752,1680,74,2204,0.0336,0.3355,190.3,433,1247,3,0.0405,4.2,911,102,0,0
2021-05-29,1568,1560,116,2599,0.0446,0.2814,150.1,349,1211,5,0.0431,3.99,787,145,0,0
2021-05-30,1821,1771,80,2588,0.0309,0.2654,200.0,539,1232,2,0.025,2.18,996,171,0,0
2021-05-31,1960,1958,108,2833,0.0381,0.4203,200.0,423,1535,3,0.0278,2.54,1106,289,0,0
2021-06-01,2099,1998,89,2196,0.0405,0.404,200.0,599,1399,4,0.0449,3.53,1139,235,0,0
2021-06-02,2250,2177,147,3542,0.0415,0.4953,172.1,529,1648,5,0.034,6.65,1319,198,0,0
2021-06-03,2175,2097,128,2626,0.0487,0.3915,139.8,482,1615,3,0.0234,2.95,1146,110,0,0
2021-06-04,1594,1558,102,2356,0.0433,0.2762,172.6,530,1028,3,0.0294,4.44,853,166,0,0
2021-06-05,1739,1667,103,2593,0.0397,0.2821,175.8,338,1329,5,0.0485,5.23,849,99,0,0
2021-06-06,1638,1573,129,2788,0.0463,0.2923,189.2,418,1155,5,0.0388,3.95,949,210,0,0
2021-06-07,1952,1937,118,2398,0.0492,0.3678,183.9,394,1543,6,0.0508,4.6,1133,243,0,0
2021-06-08,1968,1992,54,1785,0.0303,0.4322,180.8,543,1449,2,0.037,2.51,1100,191,0,0
2021-06-09,1930,1917,146,2946,0.0496,0.4456,140.5,527,1390,7,0.0479,5.35,1161,178,0,0
2021-06-10,1770,1784,105,3318,0.0316,0.5128,153.2,443,1341,3,0.0286,6.46,1036,249,0,0
2021-06-11,1775,1740,141,3041,0.0464,0.3658,129.0,382,1358,6,0.0426,6.96,992,137,0,0
2021-06-12,1584,1612,89,2486,0.0358,0.2886,168.0,413,1199,2,0.0225,3.28,930,121,0,0
2021-06-13,1490,1524,70,2136,0.0328,0.2774,200.0,458,1066,3,0.0429,3.03,907,219,0,0
2021-06-14,1904,1923,124,3195,0.0388,0.4004,200.0,610,1313,4,0.0323,3.35,1152,252,0,0
2021-06-15,1814,1861,104,2429,0.0428,0.4541,198.1,520,1341,3,0.0288,2.69,1011,246,0,0
2021-06-16,2074,2103,126,3355,0.0376,0.4488,171.6,607,1496,6,0.0476,6.17,1096,146,0,0
2021-06-17,1748,1814,90,2904,0.031,0.3782,190.6,417,1397,4,0.0444,6.32,950,117,0,0
2021-06-18,1559,1640,118,2808,0.042,0.3026,163.4,399,1241,2,0.0169,3.91,977,86,0,0
2021-06-19,1502,1573,155,3228,0.048,0.094,166.8,353,1220,6,0.0387,3.45,992,116,0,0
2021-06-20,1469,1516,90,2393,0.0376,0.2823,170.2,360,1156,3,0.0333,2.94,851,193,0,0
2021-06-21,1761,1787,86,2499,0.0344,0.3256,200.0,418,1369,3,0.0349,3.7,939,132,0,0
2021-06-22,2162,2167,126,3239,0.0389,0.5078,200.0,602,1565,6,0.0476,4.0,1329,266,0,0
2021-06-23,2032,2029,72,2326,0.031,0.4485,160.7,577,1452,2,0.0278,2.68,1268,153,0,0
2021-06-24,2049,2049,129,2789,0.0463,0.3339,158.8,700,1349,6,0.0465,5.31,1295,183,0,0
2021-06-25,1552,1574,104,2232,0.0466,0.3041,145.7,361,1213,3,0.0288,1.81,930,233,0,0
2021-06-26,1666,1625,95,2267,0.0419,0.2002,169.6,481,1144,4,0.0421,3.65,1022,121,0,0
2021-06-27,1771,1787,101,2735,0.0369,0.2955,148.9,576,1211,4,0.0396,5.44,898,157,0,0
2021-06-28,1533,1531,94,2045,0.046,0.3645,200.0,435,1096,3,0.0319,2.45,790,123,0,0
2021-06-29,1992,1947,138,3357,0.0411,0.4761,200.0,464,1483,4,0.029,5.72,1001,119,0,0
2021-06-30,2236,2165,151,3248,0.0465,0.4079,160.7,518,1647,7,0.0464,5.86,1314,214,0,0
2021-07-01,1992,1923,123,2881,0.0427,0.3951,154.0,396,1527,5,0.0407,5.14,982,169,0,0
2021-07-02,1802,1755,115,2517,0.0457,0.2384,137.9,431,1324,3,0.0261,3.7,1008,210,0,0
2021-07-03,1551,1490,96,2281,0.0421,0.2876,180.5,464,1026,3,0.0312,3.01,851,196,0,0
2021-07-04,1637,1626,104,2707,0.0384,0.2978,194.4,337,1289,2,0.0192,5.56,889,170,0,1
2021-07-05,1833,1813,118,2405,0.0491,0.3748,191.2,422,1391,3,0.0254,4.66,1143,96,0,0
2021-07-06,2201,2188,122,2994,0.0407,0.4283,200.0,669,1519,4,0.0328,3.84,1150,245,0,0
2021-07-07,2124,2133,129,3070,0.042,0.4682,191.9,677,1456,3,0.0233,2.93,1179,118,0,0
2021-07-08,1996,1996,85,2457,0.0346,0.4736,140.9,536,1460,4,0.0471,2.23,1230,223,0,0
2021-07-09,1663,1669,95,2230,0.0426,0.2924,162.9,509,1160,4,0.0421,2.1,842,198,0,0
2021-07-10,1488,1512,88,2124,0.0414,0.2594,184.1,390,1122,4,0.0455,3.56,909,106,1,0
2021-07-11,1546,1574,89,2636,0.0338,0.2175,200.0,353,1221,4,0.0449,2.31,980,208,0,0
2021-07-12,1777,1892,92,2937,0.0313,0.3066,176.1,491,1401,4,0.0435,3.83,1211,267,1,0
2021-07-13,1987,2013,130,3097,0.042,0.4331,200.0,578,1435,5,0.0385,5.98,1271,264,0,0
2021-07-14,2100,2155,163,3599,0.0453,0.5027,161.9,737,1418,6,0.0368,4.47,1181,174,0,0
2021-07-15,2162,2222,132,3272,0.0403,0.3806,145.8,467,1755,7,0.053,6.36,1306,241,0,0
2021-07-16,1748,1839,100,2902,0.0345,0.2948,200.0,508,1331,4,0.04,5.57,941,260,0,0
2021-07-17,1545,1548,99,2290,0.0432,0.2322,179.4,386,1162,2,0.0202,2.68,834,127,0,0
2021-07-18,1788,1788,88,2777,0.0317,0.2451,191.0,494,1294,4,0.0455,5.26,919,236,0,0
2021-07-19,1724,1817,98,2514,0.039,0.3647,165.9,370,1447,5,0.051,4.83,994,93,0,0
2021-07-20,1800,1844,62,1867,0.0332,0.3533,200.0,455,1389,3,0.0484,2.61,1164,93,0,0
2021-07-21,2024,2026,101,2985,0.0338,0.5115,146.4,654,1372,4,0.0396,3.33,1119,255,0,0
2021-07-22,1744,1775,108,3168,0.0341,0.3601,132.9,502,1273,4,0.037,5.01,1037,224,0,0
2021-07-23,1688,1717,109,2894,0.0377,0.3427,146.3,459,1258,5,0.0459,6.31,970,221,0,0
2021-07-24,1593,1613,85,2731,0.0311,0.189,200.0,392,1221,2,0.0235,4.8,918,231,0,1
2021-07-25,1890,1870,124,3267,0.038,0.3053,200.0,458,1412,5,0.0403,3.46,1207,116,0,0
2021-07-26,2034,1935,118,2937,0.0402,0.3836,200.0,498,1437,3,0.0254,5.36,1053,142,1,0
2021-07-27,2151,2097,128,3228,0.0397,0.4474,200.0,682,1415,5,0.0391,4.65,1246,294,0,0
2021-07-28,2288,2284,118,3144,0.0375,0.3978,161.3,788,1496,5,0.0424,5.3,1286,155,0,0
2021-07-29,1794,1770,119,2543,0.0468,0.4059,155.8,470,1300,3,0.0252,4.83,901,209,0,0
2021-07-30,1860,1820,97,2954,0.0328,0.2475,154.4,471,1349,3,0.0309,4.64,1044,188,0,0
2021-07-31,1757,1733,121,3017,0.0401,0.2399,192.7,567,1166,5,0.0413,6.1,1078,101,0,0
2021-08-01,1542,1524,70,2243,0.0312,0.3233,200.0,402,1122,2,0.0286,4.22,785,120,0,0
2021-08-02,2141,2071,92,2920,0.0315,0.3898,200.0,586,1485,3,0.0326,5.03,1057,211,0,0
2021-08-03,2236,2208,137,3312,0.0414,0.4289,191.5,518,1690,6,0.0438,3.4,1155,299,0,0
2021-08-04,2229,2181,146,3534,0.0413,0.3988,188.2,679,1502,4,0.0274,7.26,1341,263,0,0
2021-08-05,2239,2156,124,2611,0.0475,0.4257,151.1,603,1553,4,0.0323,5.75,1312,242,0,0
2021-08-06,2109,2104,90,2190,0.0411,0.3076,131.3,676,1428,4,0.0444,2.2,1230,210,0,0
2021-08-07,1719,1700,116,2363,0.0491,0.1365,165.3,539,1161,3,0.0259,3.62,969,136,0,0
2021-08-08,1740,1771,69,2224,0.031,0.3109,200.0,411,1360,2,0.029,2.64,1121,110,0,0
2021-08-09,1927,1925,86,2692,0.0319,0.3488,200.0,592,1333,3,0.0349,5.2,1184,175,0,0
2021-08-10,2137,2118,96,3114,0.0308,0.4883,195.0,678,1440,4,0.0417,5.86,1317,112,0,0
2021-08-11,2394,2386,113,3363,0.0336,0.3927,149.1,601,1785,5,0.0442,3.4,1484,170,0,0
2021-08-12,1993,2029,148,3633,0.0407,0.2346,154.1,458,1571,7,0.0473,7.69,1210,189,0,0
2021-08-13,1828,1887,127,2954,0.043,0.3206,155.2,378,1509,5,0.0394,3.17,1073,173,0,0
2021-08-14,1625,1665,80,2598,0.0308,0.2671,177.0,446,1219,2,0.025,5.19,1048,91,0,0
2021-08-15,1797,1845,147,2997,0.049,0.1873,200.0,467,1378,3,0.0204,4.45,1179,201,0,0
2021-08-16,2037,2073,124,2637,0.047,0.3011,200.0,587,1486,4,0.0323,3.41,1044,218,0,0
2021-08-17,2338,2405,148,4107,0.036,0.5659,186.8,549,1856,4,0.027,4.26,1221,139,0,0
2021-08-18,2233,2288,107,3397,0.0315,0.4322,161.0,753,1535,4,0.0374,3.57,1473,330,0,0
2021-08-19,2116,2160,118,3530,0.0334,0.4299,132.2,516,1644,5,0.0424,6.33,1170,129,0,0
2021-08-20,1806,1815,76,2333,0.0326,0.2741,166.9,425,1390,2,0.0263,3.79,1145,246,0,0
2021-08-21,1723,1719,66,2044,0.0323,0.148,200.0,468,1251,3,0.0455,2.01,960,86,0,0
2021-08-22,1862,1885,127,3136,0.0405,0.2633,192.4,518,1367,3,0.0236,3.04,976,261,0,0
2021-08-23,2149,2184,120,3440,0.0349,0.3367,200.0,507,1677,4,0.0333,3.13,1118,114,0,0
2021-08-24,2259,2238,110,2953,0.0373,0.4082,200.0,539,1699,4,0.0364,5.66,1172,281,0,0
2021-08-25,2567,2525,167,3348,0.0499,0.4418,183.4,569,1956,5,0.0299,6.25,1357,218,0,0
2021-08-26,2447,2422,183,4178,0.0438,0.4066,161.7,745,1677,6,0.0328,3.71,1388,300,0,0
2021-08-27,2057,2041,126,2576,0.0489,0.2991,129.2,644,1397,3,0.0238,4.23,1235,184,1,0
2021-08-28,2081,2052,123,3752,0.0328,0.1893,186.9,553,1499,4,0.0325,3.48,1330,117,0,0
2021-08-29,1901,1804,90,2381,0.0378,0.2961,180.1,554,1250,4,0.0444,5.13,1021,229,0,0
2021-08-30,2066,2010,134,3272,0.041,0.2525,187.3,624,1386,6,0.0448,7.07,1161,115,0,0
2021-08-31,2290,2210,100,3170,0.0315,0.3257,191.8,488,1722,3,0.03,5.86,1278,314,0,0
2021-09-01,2700,2677,131,4338,0.0302,0.4845,161.6,923,1754,4,0.0305,9.5,1555,147,0,0
2021-09-02,2490,2410,146,3353,0.0435,0.4187,148.5,779,1631,6,0.0411,6.76,1392,236,0,0
2021-09-03,2113,2049,129,3007,0.0429,0.3037,124.2,473,1576,6,0.0465,6.14,1027,251,0,0
2021-09-04,1946,1920,111,2896,0.0383,0.1827,192.5,438,1482,3,0.027,4.79,960,172,0,0
2021-09-05,1863,1824,94,2370,0.0397,0.2364,200.0,399,1425,3,0.0319,2.98,939,131,0,0
2021-09-06,2572,2523,159,4158,0.0382,0.3369,171.1,557,1966,7,0.044,4.68,1300,318,0,0
2021-09-07,2486,2519,107,3520,0.0304,0.3484,200.0,786,1733,4,0.0374,4.54,1526,324,0,0
2021-09-08,2567,2593,138,3771,0.0366,0.4105,157.1,701,1892,3,0.0217,6.57,1376,369,0,0
2021-09-09,2491,2496,109,3248,0.0336,0.426,170.1,792,1704,4,0.0367,3.44,1583,219,0,0
2021-09-10,2153,2182,69,2155,0.032,0.378,151.6,681,1501,2,0.029,2.56,1395,220,0,0
2021-09-11,1951,1976,142,2889,0.0492,0.2315,173.9,574,1402,5,0.0352,4.34,1277,171,0,0
2021-09-12,1907,1930,161,3826,0.0421,0.3096,195.0,585,1345,6,0.0373,4.4,1237,146,0,0
2021-09-13,2329,2362,174,3914,0.0445,0.2543,200.0,479,1883,8,0.046,6.59,1277,295,0,0
2021-09-14,2756,2813,153,4209,0.0364,0.4612,173.9,694,2119,5,0.0327,9.2,1622,236,0,0
2021-09-15,2774,2829,155,4095,0.0379,0.4073,185.5,836,1993,4,0.0258,7.87,1489,263,0,0
2021-09-16,2680,2681,140,4034,0.0347,0.4088,175.0,540,2141,4,0.0286,7.26,1665,242,1,0
2021-09-17,2094,2135,110,3436,0.032,0.2942,167.3,438,1697,5,0.0455,5.75,1352,259,0,0
2021-09-18,1901,1897,80,2397,0.0334,0.3185,200.0,622,1275,2,0.025,3.67,1191,269,0,0
2021-09-19,2092,2079,165,3582,0.0461,0.2281,188.1,629,1450,5,0.0303,3.87,1175,243,0,0
2021-09-20,2346,2390,171,3927,0.0435,0.3814,200.0,573,1817,4,0.0234,8.41,1467,232,0,0
2021-09-21,2819,2807,189,4614,0.041,0.4142,196.6,851,1956,8,0.0423,5.41,1445,359,0,0
2021-09-22,2523,2555,160,4057,0.0394,0.4396,198.0,815,1740,5,0.0312,3.8,1293,292,1,0
2021-09-23,2817,2758,201,4148,0.0485,0.3842,152.8,679,2079,6,0.0299,7.98,1691,155,0,0
2021-09-24,2278,2252,116,3681,0.0315,0.2643,145.2,463,1789,4,0.0345,3.91,1270,134,0,0
2021-09-25,2066,2032,117,3289,0.0356,0.2518,199.4,691,1341,5,0.0427,4.47,1319,109,0,0
2021-09-26,2054,2043,108,2920,0.037,0.2687,188.9,514,1529,4,0.037,2.46,1051,195,0,0
2021-09-27,2290,2265,143,3138,0.0456,0.3621,181.7,489,1776,6,0.042,3.16,1423,300,0,0
2021-09-28,2918,2864,217,4354,0.0498,0.4324,188.4,784,2080,10,0.0461,4.61,1638,233,0,0
2021-09-29,2911,2859,180,5174,0.0348,0.4874,185.7,901,1958,8,0.0444,4.56,1784,253,0,0
2021-09-30,2544,2506,149,3138,0.0475,0.4396,180.8,585,1921,4,0.0268,5.6,1560,353,0,0
2021-10-01,2265,2191,123,2643,0.0465,0.2541,155.2,527,1664,6,0.0488,5.43,1397,293,0,0
2021-10-02,2155,2112,112,3238,0.0346,0.2959,199.7,499,1613,2,0.0179,4.4,1150,246,1,0
2021-10-03,2443,2436,140,3679,0.0381,0.2125,171.5,850,1586,4,0.0286,7.77,1565,187,0,0
2021-10-04,2564,2513,147,3857,0.0381,0.3794,200.0,577,1936,7,0.0476,4.32,1314,155,0,0
2021-10-05,2661,2675,205,4143,0.0495,0.4592,192.9,766,1909,6,0.0293,5.34,1370,138,0,0
2021-10-06,2867,2914,143,4241,0.0337,0.3519,171.0,987,1927,4,0.028,4.35,1646,177,0,0
2021-10-07,2717,2714,224,4880,0.0459,0.398,154.7,603,2111,7,0.0312,8.45,1694,215,0,0
2021-10-08,2057,2098,91,2475,0.0368,0.2832,166.8,725,1373,3,0.033,3.54,1198,221,0,0
2021-10-09,2200,2215,132,2955,0.0447,0.2146,164.4,758,1457,4,0.0303,5.08,1383,125,0,0
2021-10-10,2275,2280,130,3373,0.0385,0.3394,200.0,759,1521,5,0.0385,6.55,1390,145,0,0
2021-10-11,2701,2709,132,3173,0.0416,0.3173,200.0,629,2080,6,0.0455,5.14,1440,185,0,0
2021-10-12,3140,3168,217,4641,0.0468,0.3879,180.2,935,2233,9,0.0415,8.08,2035,359,0,0
2021-10-13,3084,3171,268,5810,0.0461,0.4513,171.1,996,2175,7,0.0261,12.8,1614,354,0,0
2021-10-14,2730,2801,199,4213,0.0472,0.4277,150.1,974,1827,10,0.0503,5.26,1778,294,0,0
2021-10-15,2315,2365,114,3657,0.0312,0.2995,149.7,537,1828,3,0.0263,4.9,1291,177,0,0
2021-10-16,2552,2599,142,3243,0.0438,0.3108,174.0,818,1781,3,0.0211,6.09,1494,226,0,0
2021-10-17,2313,2385,108,3283,0.0329,0.2984,200.0,598,1787,2,0.0185,5.64,1344,142,0,0
2021-10-18,2656,2707,148,3857,0.0384,0.2411,200.0,613,2094,5,0.0338,4.12,1423,197,0,0
2021-10-19,3027,3032,178,4355,0.0409,0.4017,200.0,798,2234,4,0.0225,5.94,1679,424,0,0
2021-10-20,3145,3150,211,5532,0.0381,0.4194,149.9,1005,2145,5,0.0237,8.31,1666,466,0,0
2021-10-21,2880,2900,189,4673,0.0404,0.4174,138.6,782,2118,5,0.0265,6.68,1539,333,0,1
2021-10-22,2533,2502,160,3197,0.05,0.1754,200.0,702,1800,5,0.0312,3.41,1321,354,0,0
2021-10-23,2263,2292,116,3551,0.0327,0.38,152.6,801,1491,4,0.0345,7.76,1314,262,0,0
2021-10-24,2488,2443,170,3908,0.0435,0.2984,171.6,635,1808,8,0.0471,7.6,1514,130,0,0
2021-10-25,2768,2718,178,4697,0.0379,0.3574,200.0,794,1924,8,0.0449,7.15,1591,407,0,0
2021-10-26,3096,3036,180,5514,0.0326,0.4873,157.2,774,2262,5,0.0278,10.04,1925,182,0,0
2021-10-27,3279,3227,139,4185,0.0332,0.5647,168.6,836,2391,4,0.0288,8.98,1922,382,0,0
2021-10-28,2996,2968,195,3971,0.0491,0.4369,195.9,903,2065,10,0.0513,3.99,1791,223,0,0
2021-10-29,2889,2822,168,3523,0.0477,0.3541,122.1,961,1861,3,0.0179,4.14,1694,252,0,0
2021-10-30,2140,2103,147,3056,0.0481,0.259,133.7,592,1511,7,0.0476,4.93,1193,241,0,0
2021-10-31,2698,2644,210,4213,0.0498,0.2647,168.7,834,1810,5,0.0238,8.42,1595,248,0,0
2021-11-01,3027,3006,174,5103,0.0341,0.3262,200.0,641,2365,8,0.046,4.36,1534,226,0,0
2021-11-02,2982,2955,163,4388,0.0371,0.3869,200.0,685,2270,5,0.0307,9.99,1859,247,0,0
2021-11-03,3282,3257,203,4677,0.0434,0.4131,163.1,897,2360,7,0.0345,6.93,2009,274,0,0
2021-11-04,3063,3031,184,4638,0.0397,0.3259,166.6,615,2416,8,0.0435,6.21,1627,442,0,0
2021-11-05,2567,2540,130,3386,0.0384,0.3028,180.8,604,1936,5,0.0385,4.2,1563,330,0,0
2021-11-06,2440,2389,170,4582,0.0371,0.1683,200.0,663,1726,5,0.0294,4.86,1199,229,0,0
2021-11-07,2436,2442,121,2878,0.042,0.2814,193.8,494,1948,4,0.0331,5.72,1301,171,0,0
2021-11-08,3088,3137,200,4821,0.0415,0.3482,164.0,752,2385,8,0.04,10.77,1599,411,0,0
2021-11-09,3388,3393,215,6463,0.0333,0.4355,182.3,940,2453,5,0.0233,9.18,2094,223,0,0
2021-11-10,3502,3529,209,5298,0.0394,0.4214,164.8,1009,2520,4,0.0191,11.81,2165,251,0,0
2021-11-11,3185,3234,194,4728,0.041,0.5472,147.8,1096,2138,7,0.0361,9.62,2012,280,0,0
2021-11-12,2576,2636,156,3766,0.0414,0.3746,149.2,782,1854,4,0.0256,5.73,1320,364,0,0
2021-11-13,2408,2476,124,3625,0.0342,0.1903,195.7,649,1827,5,0.0403,6.57,1424,156,0,0
2021-11-14,2622,2691,214,4775,0.0448,0.2835,200.0,914,1777,6,0.028,6.94,1630,167,0,0
2021-11-15,2761,2845,92,3009,0.0306,0.3196,200.0,904,1941,3,0.0326,4.93,1489,283,0,0
2021-11-16,3423,3437,230,6210,0.037,0.3775,200.0,791,2646,6,0.0261,5.51,2053,267,0,0
2021-11-17,3396,3420,190,4156,0.0457,0.3805,180.5,751,2669,7,0.0368,7.67,1753,366,1,0
2021-11-18,3142,3169,189,4584,0.0412,0.415,154.3,955,2214,4,0.0212,4.03,1671,302,0,0
2021-11-19,2875,2914,145,4121,0.0352,0.2725,171.1,828,2086,3,0.0207,8.35,1665,272,0,0
2021-11-20,2665,2643,188,4276,0.044,0.3009,174.8,842,1801,4,0.0213,8.71,1581,162,1,0
2021-11-21,2599,2642,129,3119,0.0414,0.3215,200.0,821,1821,6,0.0465,3.6,1379,169,0,0
2021-11-22,3195,3189,233,5078,0.0459,0.4187,181.2,937,2252,6,0.0258,6.53,1683,421,0,0
2021-11-23,3336,3286,280,6259,0.0447,0.3856,188.4,1143,2143,12,0.0429,9.53,1744,455,1,0
2021-11-24,3557,3587,186,4403,0.0422,0.4713,170.8,1004,2583,4,0.0215,7.46,1922,264,0,0
2021-11-25,3386,3344,205,5143,0.0399,0.425,161.8,726,2618,5,0.0244,6.33,1786,205,0,1
2021-11-26,2865,2842,127,3887,0.0327,0.2829,178.3,921,1921,4,0.0315,6.56,1589,157,0,0
2021-11-27,2726,2675,149,4240,0.0351,0.2139,172.8,636,2039,5,0.0336,5.29,1600,296,0,0
2021-11-28,2619,2581,149,3881,0.0384,0.3523,170.3,817,1764,7,0.047,3.43,1460,314,0,0
2021-11-29,3280,3212,185,4406,0.042,0.3614,200.0,1104,2108,9,0.0486,3.54,1980,280,0,0
2021-11-30,3535,3450,222,5512,0.0403,0.46,200.0,1051,2399,10,0.045,5.25,2097,407,0,0
2021-12-01,3626,3507,233,6526,0.0357,0.4064,134.5,1015,2492,9,0.0386,12.98,1820,425,0,0
2021-12-02,3484,3450,152,5043,0.0301,0.3324,152.9,928,2522,5,0.0329,11.31,1750,495,0,0
2021-12-03,2891,2839,186,4667,0.0399,0.2781,121.2,723,2116,6,0.0323,6.72,1793,160,0,0
2021-12-04,2537,2506,111,3111,0.0357,0.2463,160.0,634,1872,5,0.045,4.88,1283,173,0,0
2021-12-05,2607,2584,151,3382,0.0446,0.2186,180.6,763,1821,6,0.0397,3.45,1349,147,0,0
2021-12-06,3261,3217,156,5129,0.0304,0.3495,200.0,1006,2211,6,0.0385,8.34,1619,440,1,0
2021-12-07,3335,3366,252,6048,0.0417,0.3438,200.0,1016,2350,7,0.0278,6.15,2000,435,0,0
2021-12-08,3797,3828,294,6014,0.0489,0.3915,147.6,880,2948,6,0.0204,10.32,2248,411,1,0
2021-12-09,3082,3117,150,4480,0.0335,0.4269,170.6,854,2263,7,0.0467,9.86,2020,182,0,0
2021-12-10,3097,3164,187,4746,0.0394,0.3368,124.3,1009,2155,6,0.0321,5.19,2003,245,0,0
2021-12-11,2690,2733,109,3416,0.0319,0.2329,179.9,742,1991,4,0.0367,6.65,1535,218,0,0
2021-12-12,2764,2792,192,4526,0.0424,0.2209,182.4,783,2009,5,0.026,3.78,1552,296,0,0
2021-12-13,3090,3115,214,5222,0.041,0.2986,200.0,983,2132,10,0.0467,7.12,1696,236,0,0
2021-12-14,3551,3606,194,5083,0.0382,0.4095,200.0,1079,2527,4,0.0206,4.91,1885,207,0,0
2021-12-15,3638,3651,208,5133,0.0405,0.4797,183.8,954,2697,9,0.0433,6.82,1901,449,0,0
2021-12-16,3427,3533,263,5487,0.0479,0.4398,179.7,1181,2352,6,0.0228,5.82,1837,282,0,0
2021-12-17,3035,3002,144,4241,0.034,0.2818,151.3,674,2328,7,0.0486,5.77,1552,286,0,0
2021-12-18,2738,2750,125,4089,0.0306,0.1948,179.5,961,1789,5,0.04,5.83,1474,173,0,0
2021-12-19,2751,2784,252,5345,0.0471,0.2852,189.9,606,2178,6,0.0238,6.69,1520,363,0,0
2021-12-20,3203,3200,193,4642,0.0416,0.3088,200.0,647,2553,7,0.0363,8.29,2062,341,0,0
2021-12-21,3618,3623,247,5175,0.0477,0.4023,200.0,1208,2415,7,0.0283,11.27,2126,508,1,0
2021-12-22,3426,3478,200,4767,0.042,0.5138,171.4,823,2655,5,0.025,6.68,2254,346,0,0
2021-12-23,3285,3263,249,5380,0.0463,0.4347,116.9,1010,2253,11,0.0442,5.86,1814,470,0,0
2021-12-24,3155,3098,175,4535,0.0386,0.3145,159.6,996,2102,6,0.0343,5.47,1762,431,1,0
2021-12-25,2836,2770,171,3795,0.0451,0.1889,180.6,911,1859,5,0.0292,7.9,1520,298,0,1
2021-12-26,2874,2823,240,4981,0.0482,0.2824,185.1,984,1839,6,0.025,8.26,1489,405,0,0
2021-12-27,3303,3227,239,5757,0.0415,0.4031,184.3,788,2439,8,0.0335,8.53,1683,266,0,1
2021-12-28,3709,3646,169,5031,0.0336,0.4094,200.0,1118,2528,8,0.0473,5.15,2340,316,0,0
2021-12-29,3691,3635,145,4096,0.0354,0.515,183.2,790,2845,4,0.0276,6.04,2356,198,0,0
2021-12-30,3373,3346,193,5693,0.0339,0.458,148.4,873,2473,9,0.0466,6.93,1696,364,0,0
2021-12-31,3077,3044,145,4149,0.0349,0.3898,130.2,996,2048,7,0.0483,9.19,1591,372,0,0
2022-01-01,2670,2641,158,4379,0.0361,0.2678,156.9,674,1967,4,0.0253,9.31,1488,336,0,1
2022-01-02,2940,2902,132,3210,0.0411,0.3012,200.0,838,2064,3,0.0227,2.97,1532,189,0,0
2022-01-03,3073,3029,212,5084,0.0417,0.4207,200.0,835,2194,10,0.0472,8.01,1680,286,0,0
2022-01-04,3728,3736,181,4699,0.0385,0.4506,187.7,1109,2627,6,0.0331,5.35,1940,253,0,0
2022-01-05,3721,3763,262,6194,0.0423,0.4224,183.5,1302,2461,5,0.0191,8.77,2139,437,0,0
2022-01-06,3508,3475,165,5222,0.0316,0.371,136.7,724,2751,5,0.0303,11.05,1879,229,0,0
2022-01-07,3092,3141,131,4112,0.0319,0.3185,183.0,899,2242,5,0.0382,6.54,1736,441,0,0
2022-01-08,2945,2960,140,4199,0.0333,0.188,200.0,975,1985,6,0.0429,5.46,1522,216,0,0
2022-01-09,2945,2975,197,4871,0.0404,0.2647,189.4,810,2165,5,0.0254,5.42,1679,235,0,0
2022-01-10,2957,3011,157,4580,0.0343,0.4048,197.4,638,2373,4,0.0255,9.16,1950,407,0,0
2022-01-11,3427,3456,199,5588,0.0356,0.3186,146.3,982,2474,9,0.0452,9.71,1898,331,0,0
2022-01-12,3541,3627,261,6874,0.038,0.5242,143.7,906,2721,11,0.0421,10.33,2290,190,0,0
2022-01-13,3441,3442,189,4086,0.0463,0.4495,126.2,768,2674,7,0.037,4.6,2156,342,0,0
2022-01-14,3110,3079,170,5614,0.0303,0.2836,155.7,1008,2071,7,0.0412,7.31,1979,180,0,0
2022-01-15,2661,2667,174,4056,0.0429,0.2797,166.8,742,1925,6,0.0345,9.08,1650,396,0,0
2022-01-16,2807,2868,164,3786,0.0433,0.272,171.8,975,1893,7,0.0427,5.98,1718,312,0,0
2022-01-17,3032,3131,178,3863,0.0461,0.4115,200.0,1005,2126,6,0.0337,5.41,1968,237,0,0
2022-01-18,3517,3523,251,5151,0.0487,0.4773,200.0,1071,2452,7,0.0279,8.15,1801,375,0,0
2022-01-19,3469,3518,180,5925,0.0304,0.3775,183.9,706,2812,8,0.0444,11.66,2003,203,0,0
2022-01-20,3301,3313,162,4885,0.0332,0.4228,115.0,875,2438,5,0.0309,6.4,2148,431,0,0
2022-01-21,2896,2840,244,5118,0.0477,0.2963,150.4,652,2188,12,0.0492,5.47,1748,405,0,0
2022-01-22,2691,2622,124,3172,0.0391,0.2566,145.7,883,1739,4,0.0323,5.32,1689,360,0,0
2022-01-23,3037,2956,183,4427,0.0413,0.2354,200.0,669,2287,9,0.0492,7.96,1824,249,0,0
2022-01-24,3128,3088,167,3859,0.0433,0.4374,200.0,750,2338,8,0.0479,7.21,1949,255,0,0
2022-01-25,3960,3890,267,6118,0.0436,0.4802,180.7,1080,2810,7,0.0262,12.99,2357,208,0,0
2022-01-26,3709,3721,304,6242,0.0487,0.4105,158.0,891,2830,13,0.0428,8.47,2285,428,1,0
2022-01-27,3426,3421,242,4844,0.05,0.3267,143.7,792,2629,8,0.0331,4.42,1979,354,0,0
2022-01-28,2918,2877,125,2817,0.0444,0.2873,107.9,834,2043,6,0.048,6.3,1837,276,0,0
2022-01-29,2874,2801,154,4313,0.0357,0.2742,180.0,598,2203,5,0.0325,6.26,1747,394,0,0
2022-01-30,2768,2737,207,4345,0.0476,0.2838,193.2,571,2166,9,0.0435,7.54,1715,183,0,0
2022-01-31,3249,3188,156,5040,0.031,0.4127,200.0,816,2372,5,0.0321,9.07,1916,162,0,0
2022-02-01,3843,3848,233,6723,0.0347,0.4677,176.7,1186,2662,6,0.0258,10.89,2100,221,0,0
2022-02-02,3638,3615,223,4648,0.048,0.496,160.9,1024,2591,6,0.0269,5.15,1827,261,0,0
2022-02-03,3530,3503,201,5731,0.0351,0.4097,122.8,923,2580,7,0.0348,11.08,2243,187,0,0
2022-02-04,2887,2864,171,4979,0.0343,0.2371,132.9,816,2048,7,0.0409,9.99,1684,287,0,0
2022-02-05,2660,2684,101,3071,0.0329,0.2427,149.7,684,2000,4,0.0396,5.0,1462,219,0,0
2022-02-06,2968,2987,220,4671,0.0471,0.3248,200.0,1017,1970,9,0.0409,7.16,1560,203,0,0
2022-02-07,2986,3062,171,4284,0.0399,0.3474,196.0,638,2424,5,0.0292,4.16,1912,383,0,0
2022-02-08,3676,3716,240,5513,0.0435,0.4533,200.0,1119,2597,8,0.0333,5.1,2324,262,0,0
2022-02-09,3656,3667,200,5755,0.0348,0.4316,165.7,1224,2443,4,0.02,7.54,2282,435,0,0
2022-02-10,3200,3255,206,4565,0.0451,0.3419,127.6,1043,2212,9,0.0437,5.78,1942,276,0,0
2022-02-11,2914,2986,184,4075,0.0452,0.3004,149.6,680,2306,9,0.0489,9.09,1657,302,0,0
2022-02-12,2743,2769,151,4172,0.0362,0.268,185.3,677,2092,5,0.0331,8.24,1511,397,0,0
2022-02-13,2832,2811,138,3605,0.0383,0.239,174.5,865,1946,3,0.0217,6.45,1409,151,0,0
2022-02-14,2926,2904,127,3725,0.0341,0.3382,200.0,618,2286,3,0.0236,5.87,1815,290,0,0
2022-02-15,3331,3360,272,5497,0.0495,0.3812,181.7,1081,2279,11,0.0404,5.78,1724,455,0,0
2022-02-16,3493,3499,191,4445,0.043,0.5035,163.7,1077,2422,7,0.0366,10.08,2081,381,0,0
2022-02-17,3292,3263,259,5329,0.0486,0.3787,163.6,1010,2253,11,0.0425,7.26,1878,253,0,0
2022-02-18,2936,2939,169,4680,0.0361,0.3792,139.7,632,2307,5,0.0296,4.49,1702,264,0,0
2022-02-19,2645,2631,139,3038,0.0458,0.3289,174.1,809,1822,6,0.0432,4.68,1681,311,0,0
2022-02-20,2532,2531,157,3454,0.0455,0.2678,192.4,764,1767,6,0.0382,7.29,1278,352,0,0
2022-02-21,3178,3087,235,5368,0.0438,0.2996,200.0,1002,2085,7,0.0298,11.44,1902,167,0,0
2022-02-22,3513,3462,223,4514,0.0494,0.3239,151.1,714,2748,8,0.0359,3.69,1758,198,0,0
2022-02-23,3564,3535,188,4974,0.0378,0.3739,136.7,719,2816,5,0.0266,10.59,1788,292,0,0
2022-02-24,3369,3343,174,5323,0.0327,0.3247,165.3,856,2487,6,0.0345,6.43,1887,245,0,0
2022-02-25,2905,2913,210,4826,0.0435,0.3755,173.7,648,2265,10,0.0476,4.14,1484,223,1,0
2022-02-26,2619,2617,169,3794,0.0445,0.2583,155.1,743,1874,6,0.0355,7.86,1618,189,0,0
2022-02-27,2661,2633,151,3635,0.0415,0.2913,193.8,889,1744,7,0.0464,7.62,1526,183,0,0
2022-02-28,2859,2784,170,4968,0.0342,0.239,200.0,720,2064,6,0.0353,8.42,1404,176,0,1
2022-03-01,3428,3375,250,6236,0.0401,0.3683,200.0,1103,2272,6,0.024,10.36,1708,484,0,0
2022-03-02,3425,3425,211,5808,0.0363,0.4918,132.8,685,2740,8,0.0379,11.73,2027,221,0,0
2022-03-03,3184,3182,186,4827,0.0385,0.4077,135.3,717,2465,7,0.0376,9.55,1976,224,0,0
2022-03-04,2632,2603,149,3484,0.0428,0.2993,146.3,532,2071,5,0.0336,7.44,1472,194,0,0
2022-03-05,2440,2379,142,3173,0.0448,0.2807,187.4,593,1786,3,0.0211,5.17,1387,341,0,0
2022-03-06,2680,2713,151,4353,0.0347,0.3536,200.0,912,1801,5,0.0331,9.8,1682,341,0,0
2022-03-07,2919,2916,176,4618,0.0381,0.3389,200.0,626,2290,4,0.0227,10.59,1725,376,0,0
2022-03-08,3300,3334,210,5936,0.0354,0.4317,170.6,970,2364,5,0.0238,5.79,1779,202,0,0
2022-03-09,3287,3329,184,5427,0.0339,0.4571,181.4,891,2438,6,0.0326,11.26,1971,445,1,0
2022-03-10,3012,3084,169,3699,0.0457,0.513,179.4,1051,2033,5,0.0296,5.73,1833,280,0,0
2022-03-11,2782,2807,231,4801,0.0481,0.2016,155.1,613,2194,11,0.0476,6.63,1713,214,0,0
2022-03-12,2329,2391,116,3109,0.0373,0.2867,155.2,554,1837,4,0.0345,5.35,1418,257,0,0
2022-03-13,2479,2539,163,3614,0.0451,0.2661,200.0,519,2020,7,0.0429,3.19,1639,336,0,0
2022-03-14,2777,2797,208,4335,0.048,0.3783,200.0,741,2056,7,0.0337,6.76,1481,358,0,1
2022-03-15,3108,3124,278,5933,0.0469,0.3953,178.2,755,2369,11,0.0396,12.5,2008,434,0,0
2022-03-16,3145,3210,229,6812,0.0336,0.445,181.0,1061,2149,6,0.0262,7.63,1864,458,0,0
2022-03-17,3005,3033,242,4918,0.0492,0.429,172.9,882,2151,12,0.0496,7.08,1822,224,0,0
2022-03-18,2570,2572,141,3764,0.0375,0.4623,176.6,751,1821,5,0.0355,8.32,1324,238,0,0
2022-03-19,2517,2543,150,4086,0.0367,0.2929,172.0,711,1832,7,0.0467,5.9,1417,131,0,0
2022-03-20,2368,2358,124,3956,0.0313,0.2294,191.5,504,1854,4,0.0323,5.29,1451,325,1,0
2022-03-21,2750,2760,157,3963,0.0396,0.3288,200.0,736,2024,4,0.0255,5.79,1673,181,0,0
2022-03-22,3044,3044,182,5659,0.0322,0.4055,174.5,1065,1979,7,0.0385,8.94,1540,414,1,0
2022-03-23,3331,3339,181,5162,0.0351,0.3577,182.1,1086,2253,4,0.0221,9.02,1943,277,0,0
2022-03-24,3035,2954,172,4725,0.0364,0.3769,125.6,987,1967,6,0.0349,9.45,1516,256,0,0
2022-03-25,2709,2686,203,4387,0.0463,0.3433,174.3,869,1817,5,0.0246,6.48,1744,145,0,0
2022-03-26,2171,2152,162,3409,0.0475,0.1888,168.2,464,1688,6,0.037,6.91,1366,178,0,0
2022-03-27,2449,2433,146,4058,0.036,0.3242,200.0,570,1863,7,0.0479,6.5,1224,338,0,0
2022-03-28,2868,2816,183,3876,0.0472,0.3744,200.0,565,2251,6,0.0328,5.07,1771,148,1,0
2022-03-29,3044,3025,198,4200,0.0471,0.3915,174.2,743,2282,9,0.0455,7.51,1930,274,0,0
2022-03-30,3235,3209,186,4107,0.0453,0.4404,200.0,694,2515,7,0.0376,7.71,1775,171,0,0
2022-03-31,2856,2789,146,4429,0.033,0.4733,184.0,756,2033,5,0.0342,7.25,1696,243,0,0
2022-04-01,2713,2662,193,4408,0.0438,0.3433,170.6,803,1859,9,0.0466,3.9,1508,179,0,0
2022-04-02,2532,2543,198,4047,0.0489,0.2529,158.1,842,1701,9,0.0455,4.27,1521,191,0,0
2022-04-03,2333,2291,184,4204,0.0438,0.2599,192.6,716,1575,8,0.0435,5.16,1262,316,0,0
2022-04-04,2592,2581,142,3869,0.0367,0.3538,200.0,880,1701,4,0.0282,4.74,1415,242,0,0
2022-04-05,3140,3106,203,5074,0.04,0.4026,184.6,646,2460,7,0.0345,9.18,1751,240,0,0
2022-04-06,3217,3185,175,4082,0.0429,0.3423,200.0,643,2542,5,0.0286,3.38,1662,347,0,0
2022-04-07,2640,2709,155,3854,0.0402,0.4955,155.9,811,1898,5,0.0323,7.45,1692,174,0,0
2022-04-08,2367,2373,126,3890,0.0324,0.3144,98.9,578,1795,4,0.0317,4.66,1311,180,0,0
2022-04-09,2182,2170,131,3624,0.0361,0.2724,180.1,517,1653,6,0.0458,4.58,1215,227,0,0
2022-04-10,2071,2108,140,3038,0.0461,0.2689,191.7,526,1582,7,0.05,4.84,1337,155,0,0
2022-04-11,2423,2450,172,3640,0.0473,0.3132,200.0,589,1861,6,0.0349,4.09,1408,289,0,0
2022-04-12,2685,2728,107,3264,0.0328,0.4189,191.3,755,1973,2,0.0187,6.94,1587,270,0,0
2022-04-13,2799,2819,198,4027,0.0492,0.3675,189.5,750,2069,9,0.0455,3.74,1814,359,0,0
2022-04-14,2653,2689,165,4512,0.0366,0.5072,175.4,744,1945,4,0.0242,6.62,1702,389,0,0
2022-04-15,2279,2383,166,3849,0.0431,0.2449,158.6,717,1666,6,0.0361,7.98,1252,147,0,0
2022-04-16,2286,2327,168,3724,0.0451,0.2009,166.5,601,1726,3,0.0179,6.42,1329,194,0,0
2022-04-17,2050,2085,146,3148,0.0464,0.2498,197.9,496,1589,5,0.0342,3.9,1346,171,0,0
2022-04-18,2606,2605,191,3911,0.0488,0.4144,200.0,586,2019,9,0.0471,5.6,1448,170,0,0
2022-04-19,2767,2742,136,3751,0.0363,0.4289,182.7,692,2050,3,0.0221,6.98,1524,359,0,0
2022-04-20,2815,2822,218,4627,0.0471,0.3857,184.9,878,1944,7,0.0321,10.46,1494,356,0,0
2022-04-21,2672,2698,139,4274,0.0325,0.4561,162.2,846,1852,4,0.0288,9.15,1395,266,0,0
2022-04-22,2183,2153,152,3441,0.0442,0.3432,183.8,646,1507,7,0.0461,4.52,1316,223,1,0
2022-04-23,2132,2126,133,2965,0.0449,0.2794,198.4,500,1626,6,0.0451,6.81,1309,119,0,0
2022-04-24,2181,2162,101,2312,0.0437,0.3076,185.0,623,1539,3,0.0297,1.86,1395,228,0,0
2022-04-25,2591,2476,149,4257,0.035,0.4697,200.0,707,1769,3,0.0201,3.58,1525,320,0,0
2022-04-26,2751,2724,182,3825,0.0476,0.5374,179.7,743,1981,7,0.0385,7.79,1461,293,0,0
2022-04-27,3045,3042,135,4038,0.0334,0.4132,187.2,859,2183,4,0.0296,4.44,1539,233,1,0
2022-04-28,2534,2466,126,4041,0.0312,0.4746,142.6,675,1791,5,0.0397,3.6,1598,288,0,0
2022-04-29,2228,2159,136,3069,0.0443,0.3258,132.5,615,1544,3,0.0221,3.55,1190,186,0,0
2022-04-30,2017,1947,132,3333,0.0396,0.2775,178.9,598,1349,3,0.0227,4.8,1065,203,0,0
2022-05-01,2077,2015,154,3271,0.0471,0.1872,145.2,436,1579,6,0.039,6.2,1281,199,1,0
2022-05-02,2307,2273,140,3720,0.0376,0.3415,175.0,710,1563,4,0.0286,6.46,1336,200,0,0
2022-05-03,2782,2757,113,3382,0.0334,0.3875,195.2,608,2149,5,0.0442,3.91,1467,336,0,0
2022-05-04,2881,2842,231,4952,0.0466,0.4889,175.0,597,2245,5,0.0216,7.7,1800,393,0,0
2022-05-05,2452,2404,153,3732,0.041,0.4469,145.6,833,1571,4,0.0261,8.17,1560,121,0,0
2022-05-06,2014,2062,99,2941,0.0337,0.2029,121.4,708,1354,5,0.0505,5.95,1058,296,0,0
2022-05-07,1985,2024,137,3094,0.0443,0.2514,157.0,423,1601,5,0.0365,3.98,1274,205,0,0
2022-05-08,1949,1960,90,2244,0.0401,0.3279,200.0,522,1438,4,0.0444,5.1,1095,235,0,0
2022-05-09,2332,2362,157,3736,0.042,0.3407,200.0,538,1824,4,0.0255,6.96,1367,320,1,0
2022-05-10,2473,2570,130,3326,0.0391,0.4646,198.4,701,1869,5,0.0385,2.97,1638,249,0,0
2022-05-11,2355,2420,139,2975,0.0467,0.4651,196.5,785,1635,6,0.0432,2.54,1563,323,0,0
2022-05-12,2553,2594,144,3101,0.0464,0.4105,160.9,889,1705,4,0.0278,3.26,1399,176,0,0
2022-05-13,2273,2322,177,4000,0.0442,0.293,138.0,685,1637,8,0.0452,7.57,1235,153,0,0
2022-05-14,1785,1843,81,2533,0.032,0.1917,167.7,466,1377,3,0.037,2.72,944,213,0,0
2022-05-15,1955,1928,163,3483,0.0468,0.2157,170.6,560,1368,5,0.0307,5.46,1126,264,0,0
2022-05-16,2226,2264,137,3153,0.0435,0.3855,200.0,559,1705,5,0.0365,2.96,1137,315,0,0
2022-05-17,2500,2522,128,2922,0.0438,0.4292,200.0,849,1673,5,0.0391,6.37,1417,288,0,0
2022-05-18,2601,2617,124,3341,0.0371,0.4406,187.0,865,1752,3,0.0242,4.4,1337,268,0,0
2022-05-19,2588,2592,216,4529,0.0477,0.3722,181.0,735,1857,7,0.0324,9.79,1454,215,0,0
2022-05-20,2036,2035,133,2989,0.0445,0.2914,146.9,506,1529,4,0.0301,6.63,1030,301,0,0
2022-05-21,1724,1776,80,2469,0.0324,0.3049,200.0,433,1343,3,0.0375,2.0,1111,146,0,0
2022-05-22,1755,1764,103,2702,0.0381,0.2551,194.8,362,1402,4,0.0388,4.04,937,219,0,0
2022-05-23,2111,2091,160,3346,0.0478,0.2829,200.0,674,1417,6,0.0375,2.8,1148,216,0,0
2022-05-24,2485,2423,129,4176,0.0309,0.4654,198.3,648,1775,6,0.0465,9.03,1528,269,0,0
2022-05-25,2731,2697,238,4827,0.0493,0.4372,187.5,671,2026,7,0.0294,7.62,1650,241,1,0
2022-05-26,2260,2237,139,3195,0.0435,0.395,182.5,605,1632,5,0.036,2.92,1192,328,0,0
2022-05-27,2118,2040,107,2519,0.0425,0.387,149.1,659,1381,5,0.0467,2.43,1042,219,1,0
2022-05-28,1921,1831,92,2595,0.0355,0.2515,177.7,400,1431,3,0.0326,3.57,1112,263,0,0
2022-05-29,2034,2032,110,3154,0.0349,0.2863,200.0,668,1364,4,0.0364,6.97,1135,103,0,0
2022-05-30,2484,2438,156,3187,0.0489,0.2911,200.0,816,1622,3,0.0192,5.86,1499,262,0,0
2022-05-31,2273,2316,109,3031,0.036,0.4172,172.3,792,1524,3,0.0275,6.37,1313,282,0,0
2022-06-01,2396,2376,170,3727,0.0456,0.478,200.0,617,1759,5,0.0294,5.03,1311,296,0,0
2022-06-02,2459,2382,134,3550,0.0377,0.3156,143.6,554,1828,7,0.0522,3.07,1352,335,0,0
2022-06-03,2071,2058,102,3100,0.0329,0.3167,156.1,527,1531,3,0.0294,7.01,1260,104,0,0
2022-06-04,1981,2022,82,2726,0.0301,0.2575,196.4,505,1517,4,0.0488,2.25,1285,101,0,0
2022-06-05,1877,1928,115,2803,0.041,0.2739,186.5,437,1491,5,0.0435,6.23,978,187,0,0
2022-06-06,2009,2057,134,2705,0.0495,0.4019,189.8,599,1458,4,0.0299,3.66,1190,109,1,0
2022-06-07,2362,2412,151,4047,0.0373,0.4449,200.0,655,1757,5,0.0331,3.3,1218,356,0,0
2022-06-08,2436,2530,160,4319,0.037,0.5214,137.5,835,1695,7,0.0438,7.92,1443,183,0,0
2022-06-09,2289,2322,97,2626,0.0369,0.3437,147.2,476,1846,5,0.0515,5.96,1469,226,0,0
2022-06-10,1978,2009,107,2640,0.0405,0.3134,157.9,596,1413,3,0.028,5.94,1113,113,0,0
2022-06-11,1844,1904,89,2286,0.0389,0.2567,167.9,599,1305,3,0.0337,2.38,1218,195,0,0
2022-06-12,1985,1973,129,2703,0.0477,0.2184,167.8,619,1354,4,0.031,2.9,1173,174,0,0
2022-06-13,2179,2239,133,3321,0.04,0.3978,200.0,745,1494,3,0.0226,5.47,1433,122,0,0
2022-06-14,2384,2391,116,2893,0.0401,0.5444,200.0,740,1651,4,0.0345,5.08,1467,200,0,0
2022-06-15,2270,2349,101,3090,0.0327,0.4466,200.0,797,1552,5,0.0495,5.9,1211,209,1,0
2022-06-16,2197,2217,143,2880,0.0497,0.4186,147.8,554,1663,4,0.028,3.09,1185,330,0,0
2022-06-17,2066,2073,112,3195,0.0351,0.3108,135.4,571,1502,5,0.0446,7.15,1159,147,0,0
2022-06-18,1628,1660,79,2513,0.0314,0.2168,178.7,336,1324,3,0.038,4.42,872,173,0,0
2022-06-19,1866,1861,109,2523,0.0432,0.1808,194.4,374,1487,3,0.0275,5.22,1069,277,0,0
2022-06-20,1998,2009,129,3085,0.0418,0.3147,186.4,474,1535,3,0.0233,4.97,1147,260,0,0
2022-06-21,2309,2298,122,3196,0.0382,0.3586,200.0,494,1804,5,0.041,4.54,1479,343,0,0
2022-06-22,2527,2506,139,3623,0.0384,0.5327,160.9,599,1907,6,0.0432,8.21,1416,368,0,0
2022-06-23,2203,2208,185,4051,0.0457,0.3876,116.2,500,1708,8,0.0432,6.78,1364,218,0,0
2022-06-24,1981,1922,115,3398,0.0338,0.2893,179.5,393,1529,2,0.0174,7.14,1233,230,0,0
2022-06-25,1651,1586,91,1967,0.0463,0.297,163.2,534,1052,2,0.022,4.39,1002,97,0,0
2022-06-26,1937,1898,136,3162,0.043,0.2157,186.5,382,1516,3,0.0221,5.73,1008,179,0,0
2022-06-27,2182,2125,136,3532,0.0385,0.3117,174.7,660,1465,5,0.0368,5.73,1221,278,0,0
2022-06-28,2567,2547,127,3236,0.0392,0.4316,200.0,568,1979,5,0.0394,2.61,1406,256,0,0
2022-06-29,2316,2310,135,3843,0.0351,0.4989,147.5,778,1532,3,0.0222,3.31,1294,278,0,0
2022-06-30,2232,2207,180,3989,0.0451,0.4185,154.1,737,1470,8,0.0444,4.39,1223,275,0,0
2022-07-01,1994,1944,100,2480,0.0403,0.319,171.2,579,1365,4,0.04,2.68,1213,146,0,0
2022-07-02,1956,1938,93,2551,0.0365,0.2564,181.8,583,1355,4,0.043,3.02,1100,267,0,0
2022-07-03,1794,1797,128,3061,0.0418,0.2918,197.5,361,1436,6,0.0469,3.85,1040,172,0,0
2022-07-04,2093,2083,162,3238,0.05,0.3601,176.0,724,1359,4,0.0247,4.34,1348,148,0,1
2022-07-05,2326,2364,147,3807,0.0386,0.3767,182.5,784,1580,7,0.0476,5.45,1203,323,0,0
2022-07-06,2318,2375,180,3724,0.0483,0.4498,177.1,794,1581,4,0.0222,3.53,1361,218,0,0
2022-07-07,2094,2134,124,3368,0.0368,0.3397,137.2,638,1496,4,0.0323,2.91,1315,267,0,0
2022-07-08,1882,1945,75,2402,0.0312,0.3107,157.0,490,1455,3,0.04,4.35,1017,204,0,0
2022-07-09,1806,1885,110,3222,0.0341,0.2285,187.0,630,1255,5,0.0455,5.17,1115,166,0,0
2022-07-10,1675,1695,113,2939,0.0384,0.3988,200.0,413,1282,4,0.0354,4.31,908,222,0,0
2022-07-11,2093,2077,104,3020,0.0344,0.348,185.5,591,1486,4,0.0385,5.29,1309,225,0,0
2022-07-12,2126,2222,99,3314,0.0299,0.358,200.0,478,1744,4,0.0404,6.77,1220,198,0,0
2022-07-13,2452,2512,145,2999,0.0483,0.4408,188.7,850,1662,7,0.0483,4.32,1380,153,0,0
2022-07-14,1984,2022,152,3241,0.0469,0.4194,152.9,447,1575,4,0.0263,5.71,1192,282,0,0
2022-07-15,1782,1871,135,3021,0.0447,0.3903,174.8,437,1434,6,0.0444,6.74,987,100,0,0
2022-07-16,1782,1818,90,2704,0.0333,0.223,200.0,516,1302,3,0.0333,5.57,987,248,0,0
2022-07-17,1998,2023,113,3489,0.0324,0.1927,169.9,636,1387,4,0.0354,5.02,1138,174,0,0
2022-07-18,2079,2075,93,2974,0.0313,0.3908,200.0,608,1467,3,0.0323,5.26,1148,236,0,0
2022-07-19,2242,2265,162,3653,0.0443,0.3592,151.1,532,1733,6,0.037,3.89,1311,322,0,0
2022-07-20,2616,2623,165,3400,0.0485,0.4257,177.2,525,2098,8,0.0485,5.58,1547,171,0,0
2022-07-21,2107,2058,119,3077,0.0387,0.3805,160.3,645,1413,4,0.0336,6.99,1204,220,0,0
2022-07-22,1741,1699,81,2489,0.0325,0.3031,152.2,591,1108,4,0.0494,3.93,1016,215,0,0
2022-07-23,1909,1850,115,2858,0.0402,0.287,160.2,595,1255,3,0.0261,6.26,1010,233,0,0
2022-07-24,1793,1802,95,2570,0.037,0.2376,157.7,485,1317,4,0.0421,3.63,935,185,0,0
2022-07-25,2020,1992,110,2936,0.0375,0.3363,200.0,668,1324,5,0.0455,6.75,1223,224,0,0
2022-07-26,2548,2453,173,4085,0.0424,0.4275,200.0,641,1812,7,0.0405,6.82,1540,308,0,0
2022-07-27,2512,2465,155,3482,0.0445,0.455,161.5,687,1778,6,0.0387,3.01,1328,331,0,0
2022-07-28,2246,2202,84,2595,0.0324,0.3983,161.8,598,1604,3,0.0357,4.36,1235,278,0,0
2022-07-29,1885,1844,105,3411,0.0308,0.3284,121.6,493,1351,5,0.0476,4.13,1060,157,0,0
2022-07-30,2018,1934,171,3435,0.0498,0.2947,182.5,612,1322,8,0.0468,2.92,1122,289,0,0
2022-07-31,1982,1975,85,2452,0.0347,0.2914,190.8,551,1424,2,0.0235,4.98,1183,185,0,0
2022-08-01,2183,2143,109,3510,0.0311,0.3727,194.8,530,1613,5,0.0459,4.26,1085,112,0,0
2022-08-02,2655,2637,125,3690,0.0339,0.3491,183.5,630,2007,4,0.032,7.36,1604,227,0,0
2022-08-03,2316,2357,113,3660,0.0309,0.45,165.5,485,1872,3,0.0265,4.51,1200,148,0,0
2022-08-04,2115,2134,126,3327,0.0379,0.4174,160.6,613,1521,6,0.0476,3.63,1217,133,0,0
2022-08-05,1912,1957,131,2844,0.0461,0.3431,126.7,459,1498,4,0.0305,6.43,1221,153,0,0
2022-08-06,1796,1864,92,2504,0.0367,0.2179,165.4,414,1450,4,0.0435,3.36,1058,103,0,0
2022-08-07,1968,1969,104,2682,0.0388,0.2389,197.9,587,1382,3,0.0288,4.56,1029,234,0,0
2022-08-08,2096,2176,125,2865,0.0436,0.3213,188.0,658,1518,3,0.024,4.91,1410,125,0,0
2022-08-09,2489,2514,135,3353,0.0403,0.455,200.0,786,1728,5,0.037,5.5,1592,177,0,1
2022-08-10,2319,2395,168,3560,0.0472,0.4992,156.3,660,1735,4,0.0238,7.73,1475,142,0,0
2022-08-11,2538,2547,164,3456,0.0475,0.373,139.6,851,1696,7,0.0427,6.26,1431,143,0,0
2022-08-12,2021,2081,103,3405,0.0302,0.352,133.4,708,1373,3,0.0291,4.79,1098,160,0,0
2022-08-13,2018,2051,168,3687,0.0456,0.2587,200.0,659,1392,6,0.0357,7.72,1315,220,0,0
2022-08-14,1976,2030,110,2809,0.0392,0.2656,200.0,600,1430,2,0.0182,3.01,1177,297,0,0
2022-08-15,2223,2317,178,3586,0.0496,0.3394,191.3,569,1748,5,0.0281,5.8,1455,319,0,0
2022-08-16,2536,2606,165,4169,0.0396,0.4655,200.0,905,1701,7,0.0424,9.28,1437,359,0,0
2022-08-17,2600,2667,211,4252,0.0496,0.4638,177.3,643,2024,5,0.0237,7.39,1468,180,0,0
2022-08-18,2524,2516,172,3812,0.0451,0.5072,158.1,580,1936,7,0.0407,7.72,1630,192,1,0
2022-08-19,2319,2309,133,3806,0.0349,0.264,146.1,615,1694,6,0.0451,6.78,1335,133,1,1
2022-08-20,2032,1994,130,3183,0.0408,0.2784,158.3,416,1578,5,0.0385,6.55,1039,255,1,0
2022-08-21,2140,2131,133,2669,0.0498,0.2454,200.0,739,1392,6,0.0451,5.92,1136,121,0,0
2022-08-22,2289,2317,183,3878,0.0472,0.3065,199.1,668,1649,4,0.0219,4.69,1326,245,0,0
2022-08-23,2866,2784,149,4670,0.0319,0.4276,200.0,789,1995,4,0.0268,4.92,1410,208,0,0
2022-08-24,2687,2610,155,3517,0.0441,0.4544,147.9,779,1831,7,0.0452,5.37,1486,194,0,0
2022-08-25,2788,2727,152,4111,0.037,0.5393,183.7,749,1978,6,0.0395,7.62,1535,407,0,0
2022-08-26,2292,2209,109,3615,0.0302,0.2974,150.7,452,1757,4,0.0367,4.12,1363,278,0,0
2022-08-27,1904,1859,103,2711,0.038,0.196,179.3,543,1316,4,0.0388,2.19,1028,249,0,0
2022-08-28,2175,2124,126,3642,0.0346,0.2855,200.0,653,1471,4,0.0317,4.79,1375,228,0,0
2022-08-29,2334,2318,212,4573,0.0464,0.2463,197.4,609,1709,5,0.0236,10.3,1222,318,0,0
2022-08-30,2791,2794,138,3752,0.0368,0.4236,200.0,876,1918,6,0.0435,6.91,1645,320,0,0
2022-08-31,2670,2697,154,3301,0.0467,0.4483,119.2,631,2066,6,0.039,4.63,1385,390,0,0
2022-09-01,2525,2537,119,3960,0.0301,0.4331,138.6,592,1945,4,0.0336,4.31,1548,198,0,0
2022-09-02,2138,2058,122,3384,0.0361,0.3553,134.5,461,1597,6,0.0492,4.51,1336,225,0,0
2022-09-03,1985,2041,103,2967,0.0347,0.2273,148.3,522,1519,3,0.0291,3.13,1271,243,0,0
2022-09-04,1838,1886,117,3377,0.0346,0.2643,194.4,617,1269,3,0.0256,3.24,1100,168,0,0
2022-09-05,2261,2287,88,2818,0.0312,0.3117,200.0,741,1546,4,0.0455,6.09,1310,316,0,0
2022-09-06,2907,2872,159,4706,0.0338,0.3718,200.0,739,2133,7,0.044,10.81,1796,425,0,0
2022-09-07,2885,2960,168,4081,0.0412,0.463,178.1,854,2106,6,0.0357,4.27,1896,294,0,0
2022-09-08,2661,2727,180,5028,0.0358,0.3297,139.7,840,1887,4,0.0222,4.43,1768,243,0,0
2022-09-09,2214,2244,163,4260,0.0383,0.2859,160.4,530,1714,4,0.0245,5.51,1255,218,0,0
2022-09-10,2128,2159,109,2907,0.0375,0.2027,175.8,486,1673,4,0.0367,4.34,1400,292,0,0
2022-09-11,2181,2249,149,3126,0.0477,0.2993,200.0,778,1471,5,0.0336,3.46,1177,258,0,0
2022-09-12,2353,2421,195,4048,0.0482,0.4401,200.0,708,1713,9,0.0462,5.07,1303,132,0,0
2022-09-13,3030,3054,173,4345,0.0398,0.3631,199.3,1060,1994,8,0.0462,4.79,1568,318,0,0
2022-09-14,3028,3067,167,4573,0.0365,0.3548,155.4,769,2298,7,0.0419,8.97,1659,159,0,0
2022-09-15,2727,2739,132,4122,0.032,0.3871,139.9,837,1902,4,0.0303,7.7,1685,350,1,0
2022-09-16,2427,2442,134,2725,0.0492,0.3074,142.0,570,1872,6,0.0448,4.78,1533,202,0,0
2022-09-17,2274,2263,106,3388,0.0313,0.2634,167.0,541,1722,3,0.0283,4.68,1396,220,1,0
2022-09-18,2104,2080,102,2833,0.036,0.2495,200.0,576,1504,3,0.0294,6.13,1237,270,0,0
2022-09-19,2578,2616,132,3666,0.036,0.34,200.0,649,1967,3,0.0227,8.26,1510,143,0,0
2022-09-20,2903,2888,188,5166,0.0364,0.4466,197.7,650,2238,6,0.0319,5.48,1751,190,0,0
2022-09-21,2988,2941,122,3672,0.0332,0.4995,173.6,704,2237,6,0.0492,4.17,1643,264,1,0
2022-09-22,2892,2824,214,4695,0.0456,0.2956,155.8,580,2244,6,0.028,7.46,1768,206,0,0
2022-09-23,2774,2736,128,3951,0.0324,0.2882,142.7,836,1900,3,0.0234,3.7,1646,229,0,0
2022-09-24,2384,2390,147,3451,0.0426,0.2632,154.8,654,1736,7,0.0476,5.02,1445,358,0,0
2022-09-25,2421,2334,126,3870,0.0326,0.2259,163.6,500,1834,3,0.0238,6.47,1355,309,0,0
2022-09-26,2876,2803,138,4395,0.0314,0.4366,196.1,633,2170,6,0.0435,6.96,1774,388,0,0
2022-09-27,3283,3237,252,5225,0.0482,0.3964,200.0,697,2540,7,0.0278,6.77,1741,465,0,0
2022-09-28,3298,3275,188,5547,0.0339,0.4454,159.3,956,2319,4,0.0213,8.95,1825,275,0,0
2022-09-29,3007,2960,197,4244,0.0464,0.4212,148.2,634,2326,9,0.0457,9.5,1825,236,0,0
2022-09-30,2534,2527,142,3481,0.0408,0.277,162.3,791,1736,3,0.0211,3.86,1450,185,0,0
2022-10-01,2510,2473,100,3173,0.0315,0.1602,183.7,502,1971,4,0.04,5.66,1566,329,1,0
2022-10-02,2583,2529,166,3376,0.0492,0.2504,177.1,600,1929,5,0.0301,2.92,1396,298,0,0
2022-10-03,2907,2932,214,6127,0.0349,0.4015,200.0,978,1954,5,0.0234,5.51,1628,216,0,0
2022-10-04,3249,3246,268,5677,0.0472,0.4113,200.0,999,2247,6,0.0224,9.24,2056,285,0,0
2022-10-05,3344,3393,139,4173,0.0333,0.4052,150.7,716,2677,3,0.0216,4.0,1933,342,0,0
2022-10-06,2979,2985,174,3688,0.0472,0.4397,136.5,965,2020,4,0.023,3.07,1724,307,0,0
2022-10-07,2796,2847,138,4545,0.0304,0.2901,176.8,780,2067,6,0.0435,4.81,1566,395,0,0
2022-10-08,2486,2490,161,4008,0.0402,0.227,170.4,814,1676,6,0.0373,6.6,1348,219,0,0
2022-10-09,2752,2810,205,4523,0.0453,0.2793,154.3,815,1995,6,0.0293,8.39,1681,396,0,0
2022-10-10,2754,2831,200,4102,0.0488,0.3885,182.0,856,1975,7,0.035,4.53,1466,267,0,0
2022-10-11,3420,3478,247,5130,0.0481,0.5473,193.7,1214,2264,12,0.0486,9.25,2198,433,0,0
2022-10-12,3343,3393,246,5312,0.0463,0.4889,150.1,797,2596,12,0.0488,5.7,2093,485,0,0
2022-10-13,3036,3066,222,4652,0.0477,0.4514,144.7,900,2166,9,0.0405,8.0,1621,432,0,0
2022-10-14,2675,2714,97,2866,0.0338,0.2813,153.6,730,1984,5,0.0515,4.06,1640,151,0,0
2022-10-15,2491,2504,130,3641,0.0357,0.2012,200.0,516,1988,4,0.0308,6.48,1478,177,0,0
2022-10-16,2687,2690,128,3577,0.0358,0.2749,192.9,544,2146,4,0.0312,8.2,1419,263,0,0
2022-10-17,3053,3066,177,4706,0.0376,0.3554,200.0,668,2398,7,0.0395,10.38,1659,286,1,0
2022-10-18,3320,3300,262,6920,0.0379,0.3743,200.0,981,2319,10,0.0382,5.58,1852,376,0,0
2022-10-19,3471,3468,223,5457,0.0409,0.4387,200.0,989,2479,8,0.0359,11.61,2098,501,0,0
2022-10-20,3584,3495,167,5023,0.0332,0.4134,158.7,989,2506,5,0.0299,4.52,2082,214,0,0
2022-10-21,3107,3061,226,5156,0.0438,0.3246,113.7,627,2434,11,0.0487,11.5,1775,291,0,0
2022-10-22,2731,2669,142,4261,0.0333,0.2777,182.5,722,1947,6,0.0423,5.21,1642,185,0,0
2022-10-23,2763,2721,156,4310,0.0362,0.2864,200.0,922,1799,5,0.0321,5.92,1670,379,0,0
2022-10-24,3132,3104,202,5033,0.0401,0.3246,200.0,806,2298,8,0.0396,4.72,1840,455,0,0
2022-10-25,3614,3539,311,6764,0.046,0.4025,200.0,1040,2499,9,0.0289,6.55,2187,346,0,0
2022-10-26,3503,3446,197,4390,0.0449,0.3875,190.5,1092,2354,5,0.0254,8.3,1896,208,0,0
2022-10-27,3263,3298,226,5259,0.043,0.4826,164.3,1047,2251,7,0.031,11.66,2085,424,1,0
2022-10-28,2828,2733,119,3593,0.0331,0.3073,174.7,759,1974,4,0.0336,6.17,1619,327,0,0
2022-10-29,2788,2736,180,4408,0.0408,0.2413,180.0,899,1837,4,0.0222,8.26,1705,234,0,0
2022-10-30,2876,2867,120,3774,0.0318,0.2254,148.8,742,2125,5,0.0417,7.33,1668,398,0,0
2022-10-31,3143,3114,166,4411,0.0376,0.4968,200.0,1038,2076,5,0.0301,5.27,1659,460,0,0
2022-11-01,3759,3746,207,5398,0.0383,0.3745,200.0,884,2862,8,0.0386,4.68,2178,396,0,0
2022-11-02,3519,3515,183,5958,0.0307,0.4261,157.2,851,2664,4,0.0219,4.78,1953,375,0,0
2022-11-03,3193,3239,193,5453,0.0354,0.4142,148.5,674,2565,5,0.0259,7.23,1958,258,0,0
2022-11-04,3008,3035,186,3796,0.049,0.3366,132.1,969,2066,9,0.0484,4.41,1734,329,0,0
2022-11-05,2854,2882,214,4355,0.0491,0.3004,200.0,757,2125,8,0.0374,3.89,1802,271,0,0
2022-11-06,3055,3061,154,4157,0.037,0.3622,200.0,717,2344,7,0.0455,4.45,1842,246,1,0
2022-11-07,3151,3195,123,3988,0.0308,0.3753,192.3,750,2445,6,0.0488,3.94,1926,181,0,0
2022-11-08,3736,3773,185,5496,0.0337,0.3754,200.0,1265,2508,6,0.0324,11.94,2009,284,0,0
2022-11-09,3668,3745,204,5386,0.0379,0.4346,159.7,1217,2528,6,0.0294,5.44,2425,261,0,0
2022-11-10,3429,3475,338,6899,0.049,0.4088,165.3,984,2491,15,0.0444,11.08,2176,362,0,0
2022-11-11,3167,3184,166,5052,0.0329,0.41,163.2,931,2253,8,0.0482,8.54,1969,351,0,0
2022-11-12,2840,2898,161,3549,0.0454,0.1826,189.6,786,2112,6,0.0373,5.73,1593,321,0,0
2022-11-13,2694,2735,122,3794,0.0322,0.3319,200.0,708,2027,5,0.041,3.6,1587,243,0,0
2022-11-14,3451,3500,296,5965,0.0496,0.359,200.0,1181,2319,13,0.0439,7.62,1822,322,0,0
2022-11-15,3838,3889,281,7458,0.0377,0.4701,178.1,851,3038,9,0.032,6.54,2259,519,0,0
2022-11-16,3730,3756,202,4443,0.0455,0.4424,139.1,987,2769,8,0.0396,6.19,1960,367,0,0
2022-11-17,3644,3617,150,4066,0.0369,0.3513,145.1,910,2707,7,0.0467,4.4,2109,538,0,0
2022-11-18,3214,3201,255,5999,0.0425,0.3442,121.6,879,2322,10,0.0392,9.85,1912,301,0,0
2022-11-19,2912,2908,155,4589,0.0338,0.2852,143.5,781,2127,3,0.0194,8.44,1624,334,0,0
2022-11-20,3020,2917,127,3869,0.0328,0.3204,178.7,810,2107,4,0.0315,6.18,1677,161,1,0
2022-11-21,3329,3307,259,5314,0.0487,0.3493,191.6,731,2576,6,0.0232,7.71,2088,381,0,0
2022-11-22,3858,3792,178,3689,0.0483,0.3982,179.6,1050,2742,5,0.0281,5.09,1958,512,0,0
2022-11-23,4104,4044,290,6069,0.0478,0.3696,183.7,956,3088,14,0.0483,12.52,2502,583,0,0
2022-11-24,3758,3701,246,5794,0.0425,0.4344,142.8,843,2858,5,0.0203,6.54,1945,554,0,0
2022-11-25,3148,3155,245,5316,0.0461,0.3278,149.4,662,2493,7,0.0286,10.11,1595,247,0,1
2022-11-26,3102,3021,123,3919,0.0314,0.2042,191.2,950,2071,4,0.0325,7.59,1595,325,0,0
2022-11-27,2740,2693,150,4086,0.0367,0.2449,183.4,711,1982,6,0.04,5.84,1656,256,0,0
2022-11-28,3641,3584,171,4713,0.0363,0.3267,200.0,1054,2530,6,0.0351,5.87,2010,381,0,0
2022-11-29,3704,3650,242,5661,0.0427,0.354,200.0,1128,2522,6,0.0248,8.52,2303,240,0,0
2022-11-30,3986,3924,192,5183,0.037,0.4066,134.5,1185,2739,5,0.026,4.87,2271,532,0,0
2022-12-01,3530,3560,166,5049,0.0329,0.3367,105.3,963,2597,4,0.0241,4.39,1792,502,0,0
2022-12-02,3062,3094,169,4025,0.042,0.286,159.9,799,2295,6,0.0355,3.89,1880,294,0,0
2022-12-03,3074,3112,235,5073,0.0463,0.2156,183.2,798,2314,7,0.0298,5.48,1607,243,0,0
2022-12-04,2969,3024,190,5055,0.0376,0.1905,200.0,895,2129,9,0.0474,7.87,1870,194,0,0
2022-12-05,3539,3537,168,5140,0.0327,0.4511,200.0,970,2567,6,0.0357,10.66,1858,419,0,0
2022-12-06,3834,3907,200,5890,0.034,0.4908,200.0,1279,2628,4,0.02,6.79,2156,317,0,0
2022-12-07,4019,4078,172,4936,0.0348,0.4085,169.4,1351,2727,7,0.0407,10.87,2505,575,0,0
2022-12-08,3653,3752,194,5403,0.0359,0.407,158.9,846,2906,6,0.0309,12.06,2413,439,0,0
2022-12-09,3109,3137,200,4674,0.0428,0.3275,186.3,692,2445,8,0.04,10.46,1743,359,0,0
2022-12-10,3078,3129,266,6334,0.042,0.3121,130.8,922,2207,8,0.0301,13.02,1954,331,0,0
2022-12-11,3040,3057,172,3906,0.044,0.2309,200.0,750,2307,6,0.0349,5.26,1616,167,0,0
2022-12-12,3333,3349,224,6004,0.0373,0.4046,200.0,679,2670,10,0.0446,5.46,2080,480,0,0
2022-12-13,3826,3905,308,6636,0.0464,0.4008,200.0,1302,2603,15,0.0487,10.97,2338,440,0,0
2022-12-14,4229,4244,225,6604,0.0341,0.3807,200.0,993,3251,6,0.0267,10.82,2245,634,1,0
2022-12-15,3840,3883,283,7190,0.0394,0.4296,140.4,1318,2565,9,0.0318,14.92,2118,403,0,0
2022-12-16,3285,3281,238,5166,0.0461,0.3711,152.3,1009,2272,8,0.0336,11.85,1705,397,0,0
2022-12-17,2989,2996,159,4727,0.0336,0.3819,174.0,942,2054,8,0.0503,7.38,1670,167,0,0
2022-12-18,3181,3106,149,4626,0.0322,0.2118,154.4,715,2391,7,0.047,6.1,1648,352,0,0
2022-12-19,3925,3816,317,6658,0.0476,0.3849,186.6,897,2919,7,0.0221,7.18,2277,483,0,0
2022-12-20,4065,4035,256,6937,0.0369,0.4077,176.8,1122,2913,6,0.0234,5.6,2619,516,0,0
2022-12-21,4194,4148,249,5703,0.0437,0.4867,189.8,937,3211,9,0.0361,8.92,2081,527,0,0
2022-12-22,3912,3933,148,4862,0.0304,0.3199,170.4,967,2966,3,0.0203,7.94,2286,286,0,0
2022-12-23,3375,3375,216,4925,0.0439,0.2435,159.5,838,2537,7,0.0324,10.03,1978,498,0,0
2022-12-24,3088,3027,147,4056,0.0362,0.2137,189.8,678,2349,4,0.0272,6.31,1929,453,0,0
2022-12-25,3188,3141,145,4672,0.031,0.2758,195.4,725,2416,6,0.0414,10.16,1809,181,0,1
2022-12-26,3635,3579,264,6254,0.0422,0.3179,200.0,1139,2440,13,0.0492,10.9,2081,514,0,0
2022-12-27,4019,4006,196,5643,0.0347,0.4611,198.9,902,3104,10,0.051,11.63,2286,316,1,0
2022-12-28,4242,4204,237,6270,0.0378,0.4988,174.5,859,3345,7,0.0295,6.41,2272,500,0,0
2022-12-29,3777,3833,183,5794,0.0316,0.4234,147.7,1128,2705,7,0.0383,12.07,1949,321,0,0
2022-12-30,3440,3448,190,5757,0.033,0.3876,166.7,1194,2254,9,0.0474,10.44,1935,506,0,0
2022-12-31,3074,3060,116,3215,0.0361,0.2733,164.9,764,2296,3,0.0259,3.39,1554,184,0,0
2023-01-01,3225,3184,140,4390,0.0319,0.211,200.0,693,2491,6,0.0429,4.76,1855,318,0,1
2023-01-02,3334,3358,250,5179,0.0483,0.4182,187.4,959,2399,8,0.032,11.34,1834,312,0,0
2023-01-03,4118,4130,216,7186,0.0301,0.3979,176.7,1387,2743,6,0.0278,6.1,2396,341,0,0
2023-01-04,4109,4166,232,5839,0.0397,0.493,187.1,1323,2843,7,0.0302,8.72,2167,477,0,0
2023-01-05,3923,3953,144,4446,0.0324,0.4721,151.2,1160,2793,3,0.0208,5.65,2530,249,0,0
2023-01-06,2955,3017,177,4899,0.0361,0.3294,143.9,746,2271,7,0.0395,8.81,1913,367,0,0
2023-01-07,3332,3323,221,4562,0.0484,0.1777,191.1,935,2388,6,0.0271,9.4,1756,492,0,0
2023-01-08,3099,3159,133,3987,0.0334,0.2259,186.6,675,2484,4,0.0301,5.34,1742,412,0,0
2023-01-09,3677,3730,253,5129,0.0493,0.4161,200.0,1126,2604,6,0.0237,7.39,2208,507,0,0
2023-01-10,3874,3894,194,5697,0.0341,0.4197,200.0,1202,2692,9,0.0464,12.95,2003,335,0,0
2023-01-11,4173,4195,259,5785,0.0448,0.4515,200.0,1446,2749,9,0.0347,11.43,2321,346,0,0
2023-01-12,3662,3702,160,3920,0.0408,0.4313,184.4,885,2817,6,0.0375,8.41,1990,377,0,0
2023-01-13,3276,3284,263,5515,0.0477,0.3414,147.3,666,2618,10,0.038,8.04,2093,179,0,0
2023-01-14,3254,3296,238,5784,0.0411,0.2664,197.9,929,2367,8,0.0336,6.66,2069,476,0,0
2023-01-15,3152,3145,209,5127,0.0408,0.2614,179.7,962,2183,5,0.0239,7.27,1846,202,0,0
2023-01-16,3640,3613,156,4597,0.0339,0.3344,191.9,1151,2462,7,0.0449,8.62,2089,507,0,0
2023-01-17,4117,4109,200,5998,0.0333,0.4711,151.7,941,3168,5,0.025,5.78,2628,240,0,0
2023-01-18,4183,4165,302,6242,0.0484,0.4752,200.0,997,3168,7,0.0232,7.53,2665,551,0,0
2023-01-19,3848,3830,227,6204,0.0366,0.3805,135.7,1060,2770,9,0.0396,5.4,2472,250,0,0
2023-01-20,3387,3387,207,5533,0.0374,0.3607,150.4,845,2542,5,0.0242,8.01,1757,182,0,0
2023-01-21,3399,3339,204,4518,0.0452,0.2461,155.1,1099,2240,6,0.0294,9.22,1750,407,0,0
2023-01-22,3179,3144,175,4768,0.0367,0.2292,200.0,852,2292,6,0.0343,3.99,1891,245,0,0
2023-01-23,3657,3591,280,5715,0.049,0.3121,200.0,1149,2442,9,0.0321,10.36,2087,436,0,0
2023-01-24,4148,4106,329,7355,0.0447,0.3792,172.6,1179,2927,14,0.0426,16.17,2064,433,0,0
2023-01-25,4274,4212,290,6911,0.042,0.4339,182.2,1331,2881,11,0.0379,7.98,2145,256,0,0
2023-01-26,3914,3928,310,6512,0.0476,0.4551,124.3,982,2946,12,0.0387,11.99,2487,563,0,0
2023-01-27,3391,3396,160,5151,0.0311,0.2664,136.2,1103,2293,7,0.0438,11.65,2141,323,0,0
2023-01-28,2885,2890,181,5150,0.0351,0.2619,131.2,697,2193,5,0.0276,11.55,1600,357,0,0
2023-01-29,3368,3322,207,5255,0.0394,0.239,170.2,937,2385,6,0.029,6.06,2105,333,0,0
2023-01-30,3410,3398,156,4512,0.0346,0.337,200.0,789,2609,5,0.0321,4.29,2002,375,1,0
2023-01-31,3963,3981,318,7089,0.0449,0.3527,159.4,1080,2901,9,0.0283,7.25,2472,320,0,0
2023-02-01,3915,3950,313,6476,0.0483,0.4365,143.7,979,2971,16,0.0511,12.0,2228,277,0,0
2023-02-02,3729,3741,203,5280,0.0384,0.3837,152.9,898,2843,9,0.0443,9.97,1934,390,0,0
2023-02-03,3270,3325,172,4669,0.0368,0.3336,142.1,1147,2178,4,0.0233,8.46,1879,313,1,0
2023-02-04,3013,3034,233,4731,0.0492,0.2637,200.0,680,2354,5,0.0215,6.17,1725,270,0,0
2023-02-05,3088,3142,195,5004,0.039,0.2119,200.0,999,2143,4,0.0205,5.28,1831,368,0,0
2023-02-06,3679,3690,226,5681,0.0398,0.4042,192.6,1283,2407,6,0.0265,9.49,1903,439,0,0
2023-02-07,3875,3953,229,6176,0.0371,0.4387,200.0,802,3151,5,0.0218,9.42,2564,216,0,0
2023-02-08,3912,3963,351,7292,0.0481,0.4574,188.3,1208,2755,13,0.037,13.81,2127,332,0,0
2023-02-09,3747,3818,271,6545,0.0414,0.3929,141.0,908,2910,12,0.0443,9.57,2023,348,0,0
2023-02-10,3398,3386,236,5208,0.0453,0.2807,123.1,698,2688,10,0.0424,6.81,1961,202,0,0
2023-02-11,2780,2809,219,4742,0.0462,0.2634,173.1,732,2077,6,0.0274,5.88,1631,207,0,0
2023-02-12,3070,3121,149,4037,0.0369,0.2956,195.2,1062,2059,5,0.0336,4.51,1766,172,0,0
2023-02-13,3495,3532,216,5579,0.0387,0.2627,200.0,713,2819,8,0.037,6.69,2175,528,0,0
2023-02-14,3822,3807,333,7088,0.047,0.4012,200.0,1097,2710,15,0.045,6.68,2199,471,0,0
2023-02-15,4055,4099,222,5970,0.0372,0.4347,158.3,1128,2971,10,0.045,7.88,2424,241,0,0
2023-02-16,3644,3629,222,4828,0.046,0.4062,129.9,1201,2428,10,0.045,4.13,2208,189,0,0
2023-02-17,3213,3209,215,4395,0.0489,0.3663,155.2,682,2527,8,0.0372,4.74,1617,391,0,0
2023-02-18,2921,2889,157,3704,0.0424,0.2139,181.0,873,2016,6,0.0382,7.11,1692,271,0,0
2023-02-19,3049,3003,181,4033,0.0449,0.2469,175.2,907,2096,4,0.0221,5.2,1900,386,0,0
2023-02-20,3304,3259,214,4647,0.0461,0.3244,200.0,979,2280,8,0.0374,8.38,1638,464,0,1
2023-02-21,3648,3606,206,4395,0.0469,0.3881,163.3,1231,2375,6,0.0291,8.24,2022,396,0,0
2023-02-22,4113,4058,231,6100,0.0379,0.4301,161.8,1313,2745,8,0.0346,10.2,2593,279,0,0
2023-02-23,3582,3482,182,5851,0.0311,0.4319,147.8,718,2764,7,0.0385,13.09,1925,446,0,0
2023-02-24,3100,3018,151,3979,0.0379,0.2539,140.2,817,2201,4,0.0265,3.31,1717,439,1,0
2023-02-25,2625,2598,204,4686,0.0435,0.2739,162.0,675,1923,4,0.0196,8.94,1682,281,0,0
2023-02-26,2920,2869,179,4597,0.0389,0.1867,200.0,707,2162,4,0.0223,10.29,1520,339,0,0
2023-02-27,3209,3168,243,5405,0.045,0.3219,193.0,848,2320,5,0.0206,11.31,1615,265,0,0
2023-02-28,3903,3904,198,5342,0.0371,0.4117,200.0,1006,2898,4,0.0202,5.62,2455,344,0,0
2023-03-01,3912,3913,279,6538,0.0427,0.5312,182.1,1036,2877,7,0.0251,8.44,2466,483,0,0
2023-03-02,3436,3430,148,4396,0.0337,0.3796,154.8,1190,2240,4,0.027,4.65,1958,490,0,0
2023-03-03,3302,3344,252,5611,0.0449,0.1965,162.5,713,2631,7,0.0278,9.55,1930,378,0,0
2023-03-04,2879,2916,183,4474,0.0409,0.1526,200.0,987,1929,9,0.0492,8.36,1824,376,0,0
2023-03-05,2802,2845,156,4582,0.034,0.2735,178.8,774,2071,5,0.0321,5.84,1738,191,0,0
2023-03-06,2906,2957,134,3740,0.0358,0.3807,187.6,868,2089,3,0.0224,6.02,1596,211,0,0
2023-03-07,3846,3903,232,5156,0.045,0.447,183.6,1267,2636,8,0.0345,9.47,1961,403,1,0
2023-03-08,3507,3543,228,5738,0.0397,0.4559,174.0,900,2643,10,0.0439,8.22,2026,240,0,0
2023-03-09,3189,3238,146,4243,0.0344,0.4515,118.5,857,2381,6,0.0411,8.83,2036,368,0,0
2023-03-10,3101,3129,246,4983,0.0494,0.2796,153.4,818,2311,7,0.0285,9.75,1985,248,1,0
2023-03-11,3060,3028,165,3714,0.0444,0.2973,200.0,776,2252,6,0.0364,3.33,1948,391,0,0
2023-03-12,2932,2985,245,4984,0.0492,0.1902,200.0,1011,1974,10,0.0408,8.63,1886,390,0,0
2023-03-13,3227,3250,157,4074,0.0385,0.3048,200.0,1054,2196,7,0.0446,4.7,1908,313,1,0
2023-03-14,3610,3615,230,5822,0.0395,0.3378,186.3,782,2833,9,0.0391,9.53,2049,246,0,0
2023-03-15,3747,3725,290,6054,0.0479,0.4338,191.3,805,2920,13,0.0448,13.53,2295,427,0,0
2023-03-16,3458,3445,190,4687,0.0405,0.3911,136.5,910,2535,9,0.0474,9.93,2105,514,0,0
2023-03-17,2945,2967,212,4796,0.0442,0.3123,189.9,637,2330,8,0.0377,6.75,1723,333,0,0
2023-03-18,2682,2682,146,4163,0.0351,0.2556,200.0,785,1897,5,0.0342,5.15,1376,144,0,0
2023-03-19,2776,2742,149,3817,0.039,0.2254,200.0,608,2134,6,0.0403,4.4,1752,142,0,0
2023-03-20,3029,3013,127,3912,0.0325,0.3405,200.0,839,2174,6,0.0472,6.25,1712,247,0,0
2023-03-21,3420,3421,129,3789,0.034,0.3533,200.0,688,2733,3,0.0233,3.68,1897,238,0,0
2023-03-22,3351,3328,157,5225,0.03,0.5157,195.2,824,2504,8,0.051,8.48,1978,437,0,0
2023-03-23,3283,3257,119,3866,0.0308,0.3782,136.9,982,2275,3,0.0252,3.1,1958,438,0,0
2023-03-24,2759,2740,206,4162,0.0495,0.2822,142.4,747,1993,7,0.034,5.35,1457,208,0,0
2023-03-25,2591,2468,124,3572,0.0347,0.332,146.9,856,1612,6,0.0484,4.04,1544,204,1,0
2023-03-26,2753,2700,191,4417,0.0432,0.2097,200.0,894,1806,5,0.0262,9.97,1467,199,0,0
2023-03-27,3230,3189,215,4591,0.0468,0.2937,200.0,810,2379,7,0.0326,8.68,1684,449,0,0
2023-03-28,3531,3474,204,4982,0.0409,0.3734,171.7,719,2755,5,0.0245,6.6,1949,348,0,0
2023-03-29,3323,3249,177,5349,0.0331,0.4441,164.2,1062,2187,6,0.0339,5.02,1981,376,0,0
2023-03-30,3084,3062,214,4798,0.0446,0.415,126.0,1031,2031,5,0.0234,7.56,1974,280,0,0
2023-03-31,2925,2894,190,4524,0.042,0.3436,135.0,935,1959,6,0.0316,5.07,1798,327,0,0
2023-04-01,2387,2412,172,3844,0.0447,0.3811,184.3,529,1883,5,0.0291,6.17,1546,214,0,0
2023-04-02,2530,2578,140,3075,0.0455,0.1593,184.0,901,1677,7,0.05,6.31,1343,216,0,0
2023-04-03,3003,3005,246,4962,0.0496,0.3804,200.0,718,2287,12,0.0488,8.55,1535,341,0,0
2023-04-04,3144,3154,212,5117,0.0414,0.4003,166.2,973,2181,5,0.0236,8.96,1841,344,0,0
2023-04-05,3335,3354,160,4349,0.0368,0.4182,177.1,1128,2226,7,0.0438,7.01,1823,266,0,0
2023-04-06,2888,2932,183,4255,0.043,0.3624,152.1,690,2242,4,0.0219,9.32,1830,190,0,0
2023-04-07,2558,2631,123,3926,0.0313,0.2612,138.4,885,1746,3,0.0244,8.63,1581,229,0,0
2023-04-08,2433,2497,176,3678,0.0479,0.3367,169.5,615,1882,4,0.0227,5.77,1612,229,0,0
2023-04-09,2327,2340,119,3666,0.0325,0.3139,200.0,811,1529,6,0.0504,4.61,1259,264,0,0
2023-04-10,2848,2909,190,5196,0.0366,0.3512,193.7,705,2204,9,0.0474,7.74,1666,411,0,0
2023-04-11,3143,3175,252,5449,0.0462,0.4957,169.2,1089,2086,7,0.0278,5.88,1826,170,1,0
2023-04-12,3260,3313,172,4100,0.042,0.3719,200.0,689,2624,4,0.0233,7.19,1775,246,0,0
2023-04-13,3005,3031,186,4924,0.0378,0.3269,140.3,929,2102,5,0.0269,7.63,1784,210,0,0
2023-04-14,2747,2790,194,4927,0.0394,0.1977,151.0,781,2009,7,0.0361,4.71,1581,280,0,0
2023-04-15,2401,2403,178,3790,0.047,0.2175,193.5,653,1750,7,0.0393,4.16,1363,223,0,0
2023-04-16,2403,2407,152,4136,0.0368,0.2799,200.0,562,1845,4,0.0263,6.28,1334,296,0,0
2023-04-17,2758,2789,251,5306,0.0473,0.3551,185.1,853,1936,11,0.0438,11.31,1402,207,0,0
2023-04-18,3201,3152,171,5373,0.0318,0.4357,200.0,721,2431,5,0.0292,8.86,1823,345,0,0
2023-04-19,3214,3159,223,4896,0.0455,0.3769,159.2,894,2265,11,0.0493,8.92,1738,437,0,0
2023-04-20,2968,2923,235,4995,0.047,0.4335,142.2,696,2227,9,0.0383,6.54,1462,412,0,0
2023-04-21,2480,2466,127,3770,0.0337,0.3186,138.6,847,1619,4,0.0315,6.25,1347,360,0,0
2023-04-22,2256,2240,130,3371,0.0386,0.2892,150.8,458,1782,6,0.0462,4.96,1214,285,0,0
2023-04-23,2340,2220,106,3174,0.0334,0.1772,197.9,511,1709,5,0.0472,5.68,1241,312,0,0
2023-04-24,2873,2904,232,5264,0.0441,0.3656,180.5,686,2218,7,0.0302,4.61,1509,213,0,0
2023-04-25,2860,2849,155,3807,0.0407,0.3688,200.0,747,2102,5,0.0323,5.86,1641,199,0,0
2023-04-26,3082,2980,230,5383,0.0427,0.4276,174.4,700,2280,11,0.0478,6.7,1800,151,0,0
2023-04-27,2851,2748,149,4397,0.0339,0.4201,161.4,752,1996,4,0.0268,5.67,1634,332,0,0
2023-04-28,2656,2585,108,3154,0.0342,0.3112,143.6,855,1730,2,0.0185,7.07,1604,372,0,0
2023-04-29,2244,2218,108,3490,0.0309,0.2099,166.0,681,1537,4,0.037,3.75,1259,152,0,0
2023-04-30,2451,2470,97,2668,0.0364,0.2721,200.0,709,1761,4,0.0412,3.38,1427,281,0,0
2023-05-01,2477,2538,170,4125,0.0412,0.2734,186.7,541,1997,7,0.0412,6.45,1578,316,1,0
2023-05-02,2939,2947,233,4942,0.0471,0.4857,191.5,896,2051,11,0.0472,10.35,1663,421,0,0
2023-05-03,2825,2877,172,3975,0.0433,0.4372,156.1,647,2230,6,0.0349,5.66,1741,330,0,0
2023-05-04,3019,3013,178,4594,0.0387,0.4493,135.2,958,2055,4,0.0225,8.8,1703,443,0,0
2023-05-05,2168,2267,210,4287,0.049,0.2803,110.8,538,1729,8,0.0381,8.94,1276,191,1,0
2023-05-06,2187,2229,138,3118,0.0443,0.2263,200.0,585,1644,6,0.0435,3.94,1369,189,0,0
2023-05-07,2311,2333,146,3005,0.0486,0.2336,185.0,589,1744,3,0.0205,4.17,1228,243,0,0
2023-05-08,2578,2597,189,4665,0.0405,0.3938,200.0,854,1743,5,0.0265,6.23,1430,229,0,0
2023-05-09,2790,2813,187,5324,0.0351,0.3927,200.0,616,2197,4,0.0214,10.91,1501,141,0,0
2023-05-10,2849,2882,134,4325,0.031,0.4797,147.6,821,2061,5,0.0373,3.75,1596,355,1,0
2023-05-11,2655,2688,204,4576,0.0446,0.3743,131.2,595,2093,10,0.049,5.78,1437,336,0,0
2023-05-12,2326,2328,133,4117,0.0323,0.2078,200.0,712,1616,5,0.0376,7.49,1366,290,0,0
2023-05-13,2240,2250,110,3041,0.0362,0.224,200.0,755,1495,5,0.0455,5.01,1394,190,0,0
2023-05-14,2465,2464,141,3457,0.0408,0.2129,198.1,653,1811,3,0.0213,5.03,1523,252,0,0
2023-05-15,2416,2415,174,4217,0.0413,0.3517,200.0,660,1755,8,0.046,6.79,1340,208,0,0
2023-05-16,2598,2599,201,4774,0.0421,0.3687,186.1,881,1718,9,0.0448,5.23,1685,134,0,0
2023-05-17,2795,2815,151,4539,0.0333,0.4938,182.0,783,2032,4,0.0265,6.56,1658,299,0,0
2023-05-18,2920,2926,146,3874,0.0377,0.3888,138.6,799,2127,7,0.0479,6.01,1638,183,0,0
2023-05-19,2218,2192,176,4159,0.0423,0.2977,112.3,629,1563,5,0.0284,8.95,1371,127,0,0
2023-05-20,2320,2280,157,3178,0.0494,0.2853,146.9,692,1588,7,0.0446,3.79,1390,286,0,0
2023-05-21,2367,2348,150,3365,0.0446,0.32,199.1,507,1841,7,0.0467,7.07,1438,120,0,0
2023-05-22,2376,2358,179,3698,0.0484,0.349,187.4,762,1596,8,0.0447,6.53,1248,344,0,0
2023-05-23,2807,2768,227,5012,0.0453,0.3896,197.4,734,2034,8,0.0352,4.16,1578,281,0,0
2023-05-24,3032,2957,207,4941,0.0419,0.3588,151.8,623,2334,5,0.0242,9.32,1861,439,0,0
2023-05-25,2492,2512,135,3976,0.034,0.3591,137.3,799,1713,5,0.037,3.39,1446,140,0,0
2023-05-26,2223,2214,153,3526,0.0434,0.2758,170.0,568,1646,5,0.0327,8.1,1334,240,0,0
2023-05-27,2003,1969,126,2971,0.0424,0.2579,178.3,423,1546,6,0.0476,6.27,1158,167,0,0
2023-05-28,2039,1980,134,3191,0.042,0.2546,198.5,584,1396,6,0.0448,3.98,1240,266,0,0
2023-05-29,2371,2296,91,2282,0.0399,0.3844,200.0,762,1534,4,0.044,2.71,1246,198,0,0
2023-05-30,2488,2498,146,3599,0.0406,0.3975,200.0,832,1666,3,0.0205,4.94,1465,190,0,0
2023-05-31,2690,2711,154,4197,0.0367,0.4446,200.0,932,1779,7,0.0455,5.6,1406,368,0,0
2023-06-01,2392,2416,124,3068,0.0404,0.4526,143.8,798,1618,6,0.0484,4.17,1458,211,0,0
2023-06-02,2201,2224,119,3508,0.0339,0.3237,144.4,446,1778,5,0.042,4.48,1356,115,0,0
2023-06-03,1775,1814,122,2647,0.0461,0.2495,147.3,466,1348,3,0.0246,4.58,919,161,1,0
2023-06-04,2064,2104,131,3895,0.0336,0.2417,190.1,679,1425,3,0.0229,4.08,1265,243,0,0
2023-06-05,2345,2433,140,4415,0.0317,0.3183,200.0,620,1813,3,0.0214,9.13,1368,184,0,0
2023-06-06,2261,2361,129,3322,0.0388,0.3857,200.0,685,1676,5,0.0388,6.71,1224,220,0,0
2023-06-07,2679,2707,172,3979,0.0432,0.4204,192.5,788,1919,7,0.0407,6.03,1524,151,0,0
2023-06-08,2563,2616,151,3885,0.0389,0.4312,117.1,666,1950,7,0.0464,8.08,1384,285,1,0
2023-06-09,2000,2018,101,2845,0.0355,0.2955,174.6,677,1341,3,0.0297,3.33,1135,254,0,0
2023-06-10,2142,2172,138,3343,0.0413,0.185,136.6,598,1574,4,0.029,2.76,1211,198,0,0
2023-06-11,2013,2085,104,2811,0.037,0.3602,200.0,562,1523,4,0.0385,4.86,1273,192,0,0
2023-06-12,2242,2216,137,2823,0.0485,0.366,200.0,775,1441,6,0.0438,4.2,1365,130,0,0
2023-06-13,2551,2560,202,4159,0.0486,0.3578,200.0,702,1858,10,0.0495,6.87,1513,180,0,0
2023-06-14,2674,2696,176,4383,0.0402,0.4254,146.7,611,2085,8,0.0455,9.42,1357,177,0,0
2023-06-15,2443,2449,120,3280,0.0366,0.3989,176.4,678,1771,4,0.0333,7.4,1567,240,0,0
2023-06-16,2187,2203,166,3699,0.0449,0.3918,123.7,710,1493,6,0.0361,6.48,1328,227,0,0
2023-06-17,1879,1840,78,2528,0.0309,0.1971,160.0,582,1258,4,0.0513,4.92,929,267,0,0
2023-06-18,2069,2035,125,3156,0.0396,0.3206,178.7,648,1387,4,0.032,2.92,1267,117,0,0
2023-06-19,2214,2110,129,3511,0.0367,0.42,174.9,646,1464,3,0.0233,3.66,1118,232,0,0
2023-06-20,2594,2531,183,3779,0.0484,0.3968,200.0,603,1928,5,0.0273,7.18,1485,260,0,0
2023-06-21,2607,2499,120,3976,0.0302,0.4336,200.0,823,1676,2,0.0167,5.75,1424,254,0,0
2023-06-22,2354,2333,134,3259,0.0411,0.3416,200.0,779,1554,6,0.0448,4.79,1313,320,0,0
2023-06-23,2310,2272,149,3319,0.0449,0.2964,154.9,521,1751,3,0.0201,4.19,1439,160,0,0
2023-06-24,2139,2069,120,3018,0.0398,0.2507,195.7,454,1615,3,0.025,5.16,1170,112,0,0
2023-06-25,2131,2076,89,2804,0.0317,0.3048,200.0,719,1357,3,0.0337,3.02,1061,243,0,0
2023-06-26,2166,2137,155,3130,0.0495,0.4045,200.0,706,1431,6,0.0387,5.45,1372,181,0,0
2023-06-27,2483,2495,120,2970,0.0404,0.3908,191.9,833,1662,4,0.0333,3.15,1592,129,0,0
2023-06-28,2689,2744,163,3846,0.0424,0.3491,177.2,914,1830,7,0.0429,3.45,1654,206,0,0
2023-06-29,2424,2431,122,3508,0.0348,0.3923,163.7,684,1747,3,0.0246,4.54,1386,197,0,0
2023-06-30,2382,2398,138,3474,0.0397,0.3213,141.4,712,1686,3,0.0217,3.98,1232,268,0,0
2023-07-01,1967,1983,111,2879,0.0386,0.265,171.8,559,1424,4,0.036,6.14,1227,133,0,1
2023-07-02,1951,2024,95,3011,0.0316,0.2555,197.5,420,1604,3,0.0316,2.66,1035,185,0,0
2023-07-03,2167,2231,114,3560,0.032,0.3562,200.0,696,1535,3,0.0263,3.79,1138,219,0,0
2023-07-04,2519,2551,200,4273,0.0468,0.504,177.4,704,1847,4,0.02,6.94,1481,245,0,1
2023-07-05,2554,2584,123,3540,0.0347,0.4666,172.3,768,1816,6,0.0488,5.39,1354,381,0,0
2023-07-06,2460,2504,107,3153,0.0339,0.3747,191.2,690,1814,4,0.0374,2.74,1255,137,0,0
2023-07-07,2180,2240,116,2893,0.0401,0.2816,176.3,613,1627,3,0.0259,2.35,1262,325,0,0
2023-07-08,1765,1848,118,2592,0.0455,0.244,200.0,417,1431,3,0.0254,5.92,962,200,1,0
2023-07-09,1835,1850,83,2645,0.0314,0.3537,199.2,447,1403,4,0.0482,4.73,970,240,0,0
2023-07-10,2043,2058,115,2770,0.0415,0.3408,200.0,461,1597,5,0.0435,3.73,1053,191,0,0
2023-07-11,2563,2610,105,3238,0.0324,0.4272,200.0,599,2011,3,0.0286,4.88,1385,249,1,0
2023-07-12,2490,2485,108,3501,0.0308,0.4234,200.0,860,1625,4,0.037,4.2,1509,343,0,0
2023-07-13,2165,2177,104,3344,0.0311,0.4483,113.9,485,1692,4,0.0385,4.41,1353,304,0,0
2023-07-14,2167,2187,165,3541,0.0466,0.4046,126.7,526,1661,7,0.0424,6.28,1242,162,0,0
2023-07-15,2295,2257,101,3134,0.0322,0.275,199.5,651,1606,3,0.0297,6.66,1300,158,0,0
2023-07-16,2049,2026,89,2872,0.031,0.276,193.2,591,1435,3,0.0337,3.09,1023,202,0,0
2023-07-17,2418,2401,122,3156,0.0387,0.3518,196.6,536,1865,2,0.0164,6.5,1225,336,0,0
2023-07-18,2583,2584,181,3860,0.0469,0.309,173.6,824,1760,9,0.0497,3.79,1392,212,0,0
2023-07-19,2642,2634,124,3504,0.0354,0.4848,162.2,837,1797,5,0.0403,3.93,1532,303,1,0
2023-07-20,2647,2574,160,4156,0.0385,0.4001,124.9,606,1968,4,0.025,3.56,1573,311,0,0
2023-07-21,2195,2132,75,2437,0.0308,0.328,194.8,519,1613,4,0.0533,2.46,1259,273,0,0
2023-07-22,2030,2015,112,2878,0.0389,0.2169,172.9,687,1328,5,0.0446,6.26,1126,214,0,0
2023-07-23,2105,2093,136,3266,0.0416,0.2526,197.5,678,1415,7,0.0515,4.86,1084,189,0,0
2023-07-24,2358,2252,143,3461,0.0413,0.3294,200.0,686,1566,7,0.049,3.17,1390,330,0,0
2023-07-25,2782,2731,204,5567,0.0366,0.4793,200.0,580,2151,10,0.049,12.47,1515,304,0,0
2023-07-26,2731,2665,152,4184,0.0363,0.4286,192.2,700,1965,4,0.0263,8.86,1627,327,0,0
2023-07-27,2477,2412,101,3134,0.0322,0.4975,174.4,685,1727,5,0.0495,6.05,1392,204,0,0
2023-07-28,2250,2267,125,3357,0.0372,0.3282,140.4,517,1750,6,0.048,7.39,1385,265,1,0
2023-07-29,1961,1909,70,2185,0.032,0.1887,167.4,510,1399,2,0.0286,2.47,1214,145,0,0
2023-07-30,2051,2094,141,3107,0.0454,0.2654,200.0,608,1486,3,0.0213,6.38,1336,156,0,0
2023-07-31,2376,2374,156,3165,0.0493,0.3174,199.5,591,1783,8,0.0513,5.81,1378,288,0,0
2023-08-01,2759,2792,232,4699,0.0494,0.3185,198.6,885,1907,7,0.0302,9.89,1610,285,0,1
2023-08-02,2781,2796,184,3887,0.0473,0.5275,181.3,912,1884,8,0.0435,7.76,1509,331,0,0
2023-08-03,2500,2550,158,3765,0.042,0.4285,168.7,634,1916,3,0.019,4.97,1633,196,0,0
2023-08-04,2315,2346,142,3221,0.0441,0.3333,117.4,764,1582,3,0.0211,6.32,1334,258,1,0
2023-08-05,2217,2226,147,4113,0.0357,0.2608,187.6,480,1746,5,0.034,4.91,1156,210,0,0
2023-08-06,2187,2203,135,3163,0.0427,0.2027,194.0,717,1486,4,0.0296,4.09,1244,242,0,0
2023-08-07,2380,2429,177,4534,0.039,0.3258,200.0,541,1888,7,0.0395,4.36,1261,192,0,0
2023-08-08,2492,2564,169,4263,0.0396,0.4703,200.0,545,2019,6,0.0355,9.39,1475,312,0,0
2023-08-09,2628,2674,193,4269,0.0452,0.3949,200.0,792,1882,4,0.0207,5.28,1562,349,0,0
2023-08-10,2560,2576,144,4054,0.0355,0.2668,180.0,698,1878,4,0.0278,6.41,1419,196,0,0
2023-08-11,2228,2229,128,3519,0.0364,0.2953,179.9,749,1480,4,0.0312,4.88,1138,178,0,0
2023-08-12,2109,2087,113,2326,0.0486,0.2454,200.0,531,1556,3,0.0265,5.21,1339,242,0,0
2023-08-13,2174,2196,99,3172,0.0312,0.2786,200.0,534,1662,4,0.0404,4.13,1353,263,0,0
2023-08-14,2535,2553,169,4261,0.0397,0.3864,200.0,702,1851,5,0.0296,8.38,1598,307,0,0
2023-08-15,2774,2784,200,4149,0.0482,0.4601,200.0,747,2037,5,0.025,8.64,1545,329,0,0
2023-08-16,2957,2934,151,3576,0.0422,0.4604,188.0,738,2196,5,0.0331,5.2,1802,262,0,0
2023-08-17,2734,2690,164,4007,0.0409,0.4532,146.8,818,1872,4,0.0244,5.48,1541,241,0,0
2023-08-18,2181,2127,137,3915,0.035,0.2307,161.1,668,1459,3,0.0219,7.52,1128,161,0,0
2023-08-19,2060,2055,133,3595,0.037,0.2777,172.6,674,1381,4,0.0301,7.8,1066,135,0,0
2023-08-20,2254,2233,156,3322,0.047,0.3031,181.6,772,1461,7,0.0449,6.42,1232,266,0,0
2023-08-21,2444,2415,168,4082,0.0412,0.288,200.0,580,1835,8,0.0476,4.66,1257,143,0,0
2023-08-22,3044,2944,169,4200,0.0402,0.353,199.8,905,2039,8,0.0473,8.96,1913,423,0,0
2023-08-23,3175,3143,117,3643,0.0321,0.4102,200.0,814,2329,4,0.0342,5.03,1595,417,0,0
2023-08-24,2900,2907,116,3823,0.0303,0.3603,120.5,877,2030,3,0.0259,6.36,1646,395,0,0
2023-08-25,2449,2408,215,4365,0.0493,0.3443,141.8,654,1754,8,0.0372,8.94,1367,339,0,0
2023-08-26,2428,2411,131,3484,0.0376,0.2218,174.0,842,1569,5,0.0382,3.77,1314,219,0,0
2023-08-27,2311,2336,143,3390,0.0422,0.229,200.0,723,1613,7,0.049,6.7,1368,315,0,0
2023-08-28,2583,2597,118,3740,0.0316,0.3194,200.0,890,1707,3,0.0254,6.34,1357,171,0,0
2023-08-29,2865,2886,237,5428,0.0437,0.4841,200.0,939,1947,5,0.0211,11.62,1782,151,1,0
2023-08-30,2990,3014,268,5501,0.0487,0.4481,150.8,1011,2003,11,0.041,5.82,1657,387,0,0
2023-08-31,2799,2800,226,5443,0.0415,0.3844,129.8,902,1898,10,0.0442,7.79,1648,161,0,0
2023-09-01,2511,2531,121,3716,0.0326,0.3011,159.4,681,1850,5,0.0413,7.62,1537,377,0,0
2023-09-02,2282,2322,151,3620,0.0417,0.3171,146.0,552,1770,6,0.0397,3.0,1471,273,0,0
2023-09-03,2374,2392,130,2862,0.0454,0.2344,188.1,611,1781,6,0.0462,2.77,1496,300,0,0
2023-09-04,2712,2774,190,4980,0.0382,0.4158,200.0,563,2211,7,0.0368,11.38,1640,207,1,0
2023-09-05,3127,3198,193,4050,0.0477,0.4387,179.1,891,2307,9,0.0466,4.94,1785,375,0,0
2023-09-06,3225,3263,216,5036,0.0429,0.4395,200.0,900,2363,11,0.0509,11.4,1878,177,0,0
2023-09-07,2725,2761,170,3536,0.0481,0.5184,177.4,770,1991,8,0.0471,3.8,1699,369,1,0
2023-09-08,2205,2286,134,3160,0.0424,0.2538,121.5,791,1495,4,0.0299,4.24,1444,153,0,0
2023-09-09,2505,2490,108,3318,0.0325,0.2348,154.7,838,1652,3,0.0278,6.4,1284,298,0,0
2023-09-10,2255,2306,115,3179,0.0362,0.2102,153.0,517,1789,4,0.0348,5.68,1286,167,0,0
2023-09-11,2790,2785,132,3877,0.034,0.3976,194.3,711,2074,4,0.0303,6.48,1717,158,0,0
2023-09-12,3033,3016,202,4193,0.0482,0.5126,200.0,795,2221,9,0.0446,6.69,1703,296,0,0
2023-09-13,2955,3037,229,5062,0.0452,0.531,165.0,772,2265,5,0.0218,10.45,1670,203,0,0
2023-09-14,3129,3102,173,3968,0.0436,0.4546,162.2,992,2110,5,0.0289,4.57,1742,381,0,0
2023-09-15,2849,2770,154,4277,0.036,0.2967,122.5,772,1998,7,0.0455,6.26,1635,204,0,0
2023-09-16,2404,2388,140,4164,0.0336,0.2342,189.3,683,1705,3,0.0214,4.3,1552,201,1,0
2023-09-17,2228,2242,141,3133,0.045,0.1883,187.6,735,1507,4,0.0284,5.31,1287,239,0,0
2023-09-18,2884,2840,152,3852,0.0395,0.4518,200.0,911,1929,5,0.0329,4.53,1509,223,1,0
2023-09-19,3373,3309,166,4811,0.0345,0.4516,196.8,727,2582,6,0.0361,6.26,1735,291,0,0
2023-09-20,3231,3184,234,5527,0.0423,0.4229,147.9,978,2206,6,0.0256,8.33,1612,419,0,0
2023-09-21,3180,3161,150,4864,0.0308,0.4598,129.9,839,2322,7,0.0467,4.09,1845,215,0,0
2023-09-22,2778,2766,141,3855,0.0366,0.258,172.3,675,2091,5,0.0355,3.62,1609,161,0,0
2023-09-23,2597,2609,164,4166,0.0394,0.2728,181.3,541,2068,8,0.0488,7.62,1385,216,0,0
2023-09-24,2625,2652,112,3393,0.033,0.2632,200.0,724,1928,4,0.0357,4.9,1603,245,0,0
2023-09-25,2896,2886,235,4722,0.0498,0.3819,200.0,731,2155,7,0.0298,9.9,1764,301,0,0
2023-09-26,3537,3514,190,5558,0.0342,0.425,200.0,835,2679,5,0.0263,10.24,1894,307,0,0
2023-09-27,3460,3455,162,4970,0.0326,0.3749,138.8,1051,2404,3,0.0185,4.04,1906,446,0,0
2023-09-28,3236,3239,147,4315,0.0341,0.3972,147.6,1022,2217,5,0.034,7.44,2101,175,0,0
2023-09-29,2747,2748,165,3635,0.0454,0.3591,152.4,651,2097,4,0.0242,3.42,1528,256,0,0
2023-09-30,2580,2570,159,4130,0.0385,0.251,200.0,533,2037,5,0.0314,8.14,1578,227,0,0
2023-10-01,2583,2619,189,4572,0.0413,0.3106,200.0,857,1762,7,0.037,10.46,1487,301,0,0
2023-10-02,3047,3080,129,4227,0.0305,0.2977,200.0,621,2459,4,0.031,6.75,1907,452,0,0
2023-10-03,3649,3686,180,5867,0.0307,0.4269,200.0,1255,2431,5,0.0278,10.7,2268,372,0,0
2023-10-04,3377,3422,144,3705,0.0389,0.4163,159.1,1007,2415,6,0.0417,4.28,2054,509,0,0
2023-10-05,3105,3154,202,4362,0.0463,0.4307,155.3,783,2371,10,0.0495,6.35,1981,253,1,0
2023-10-06,3083,3128,223,4673,0.0477,0.3082,157.7,741,2387,5,0.0224,9.74,2005,166,0,0
2023-10-07,2687,2683,112,3536,0.0317,0.287,154.5,540,2143,3,0.0268,3.72,1575,179,0,0
2023-10-08,2738,2732,146,3586,0.0407,0.3262,191.0,643,2089,7,0.0479,4.3,1463,245,1,0
2023-10-09,3243,3324,219,4542,0.0482,0.3846,200.0,733,2591,5,0.0228,6.67,1861,271,0,0
2023-10-10,3504,3518,207,5483,0.0378,0.4418,200.0,1027,2491,10,0.0483,10.24,2159,210,0,0
2023-10-11,3909,3919,267,5732,0.0466,0.3976,131.7,882,3037,5,0.0187,7.82,2342,366,0,0
2023-10-12,3572,3534,122,3719,0.0328,0.3932,177.1,987,2547,6,0.0492,8.15,1861,296,0,0
2023-10-13,2994,2985,156,3211,0.0486,0.28,134.2,861,2124,5,0.0321,3.02,1515,186,0,0
2023-10-14,3078,3050,189,4205,0.0449,0.2353,145.9,746,2304,9,0.0476,5.7,1837,243,0,0
2023-10-15,2836,2826,220,4498,0.0489,0.2531,200.0,580,2246,6,0.0273,8.38,1519,392,0,0
2023-10-16,3448,3386,140,3218,0.0435,0.301,200.0,696,2690,6,0.0429,3.67,1947,272,0,0
2023-10-17,3741,3735,195,5229,0.0373,0.3303,200.0,762,2973,4,0.0205,9.33,2286,453,0,0
2023-10-18,4005,3967,270,5533,0.0488,0.4141,189.3,1233,2734,7,0.0259,5.79,2318,441,0,0
2023-10-19,3761,3743,236,6654,0.0355,0.4031,194.2,927,2816,10,0.0424,5.88,1918,347,0,0
2023-10-20,3179,3138,164,4465,0.0367,0.2392,164.1,1002,2136,6,0.0366,4.38,1656,232,0,0
2023-10-21,2814,2783,193,4388,0.044,0.2533,170.2,737,2046,9,0.0466,9.63,1483,242,0,0
2023-10-22,3106,3038,210,4643,0.0452,0.3668,200.0,814,2224,7,0.0333,7.56,1637,332,0,0
2023-10-23,3342,3311,173,3556,0.0487,0.4012,200.0,917,2394,8,0.0462,7.09,1936,282,0,0
2023-10-24,4121,4047,228,6692,0.0341,0.5104,183.1,1242,2805,8,0.0351,8.69,2329,289,0,0
2023-10-25,3949,3936,279,6074,0.0459,0.467,160.3,949,2987,14,0.0502,10.26,2088,243,0,0
2023-10-26,3590,3612,259,5785,0.0448,0.4518,146.8,788,2824,13,0.0502,8.92,1843,498,0,0
2023-10-27,3236,3243,232,7411,0.0313,0.2704,110.9,919,2324,7,0.0302,16.44,1705,305,0,0
2023-10-28,2795,2791,114,3023,0.0377,0.2203,176.1,695,2096,5,0.0439,5.81,1808,314,0,0
2023-10-29,2978,2948,194,5439,0.0357,0.1349,161.0,785,2163,9,0.0464,10.31,1681,292,0,0
2023-10-30,3579,3628,189,5233,0.0361,0.4093,200.0,1078,2550,5,0.0265,4.55,2286,498,0,0
2023-10-31,3841,3828,296,5962,0.0496,0.5052,200.0,1049,2779,11,0.0372,9.69,2401,401,0,0
2023-11-01,3848,3897,249,5810,0.0429,0.4198,163.8,1142,2755,6,0.0241,8.72,2248,382,0,0
2023-11-02,3754,3815,239,5399,0.0443,0.3807,186.5,1074,2741,11,0.046,11.83,2312,543,0,0
2023-11-03,3421,3447,237,4778,0.0496,0.2689,123.8,1072,2375,6,0.0253,5.67,1823,420,0,0
2023-11-04,3107,3114,183,4876,0.0375,0.2716,197.1,953,2161,4,0.0219,5.87,1879,190,1,0
2023-11-05,3230,3261,180,3902,0.0461,0.3281,200.0,913,2348,6,0.0333,5.53,1764,221,0,0
2023-11-06,3394,3480,222,5742,0.0387,0.2629,175.7,1050,2430,8,0.036,6.69,2174,448,0,0
2023-11-07,3805,3832,257,5429,0.0473,0.4487,200.0,1269,2563,12,0.0467,5.4,1964,512,0,1
2023-11-08,4336,4300,184,5478,0.0336,0.4337,172.0,1139,3161,9,0.0489,11.43,2649,449,0,0
2023-11-09,3713,3802,262,5361,0.0489,0.3991,135.4,996,2806,9,0.0344,8.78,1958,401,0,0
2023-11-10,3353,3352,202,5871,0.0344,0.3296,124.8,1055,2297,4,0.0198,12.28,2119,379,0,0
2023-11-11,3248,3257,166,4537,0.0366,0.2431,168.9,936,2321,7,0.0422,9.29,1777,306,0,0
2023-11-12,3262,3280,233,5155,0.0452,0.2666,196.2,691,2589,9,0.0386,6.3,1962,387,0,0
2023-11-13,3757,3706,190,5017,0.0379,0.3393,200.0,1237,2469,6,0.0316,8.14,2124,226,0,0
2023-11-14,4328,4351,303,7186,0.0422,0.4767,192.7,890,3461,9,0.0297,6.65,2415,636,0,0
2023-11-15,4160,4133,263,6766,0.0389,0.4684,186.0,1291,2842,9,0.0342,14.7,2467,517,0,0
2023-11-16,4107,4034,338,7542,0.0448,0.4044,145.2,1266,2768,10,0.0296,10.61,2590,456,0,0
2023-11-17,3534,3460,175,5069,0.0345,0.2431,114.3,1187,2273,7,0.04,7.05,1751,282,0,0
2023-11-18,3263,3195,163,5220,0.0312,0.2336,170.3,665,2530,6,0.0368,6.55,2038,211,0,0
2023-11-19,3517,3462,189,5261,0.0359,0.3168,151.4,1002,2460,9,0.0476,7.84,2047,315,0,0
2023-11-20,3829,3785,263,6658,0.0395,0.3519,200.0,1000,2785,10,0.038,7.84,2351,440,0,0
2023-11-21,4265,4236,192,5745,0.0334,0.4612,179.1,1057,3179,5,0.026,7.83,2362,480,0,0
2023-11-22,4428,4420,270,7289,0.037,0.5358,176.6,944,3476,12,0.0444,14.58,2523,390,0,0
2023-11-23,4007,3953,219,5776,0.0379,0.4453,179.3,1124,2829,8,0.0365,11.85,2492,440,0,0
2023-11-24,3444,3417,158,5082,0.0311,0.3113,134.0,929,2488,4,0.0253,6.38,1921,449,0,0
2023-11-25,3130,3094,196,4698,0.0417,0.227,194.5,667,2427,8,0.0408,7.06,1795,163,0,1
2023-11-26,3078,3101,229,4808,0.0476,0.1441,190.0,905,2196,7,0.0306,10.15,1560,295,0,0
2023-11-27,4002,4036,197,5960,0.0331,0.3416,200.0,1254,2782,9,0.0457,5.24,2114,508,0,0
2023-11-28,4105,4110,266,6341,0.0419,0.4119,191.4,1295,2815,9,0.0338,13.53,2451,430,1,0
2023-11-29,4238,4336,341,7873,0.0433,0.467,156.5,1456,2880,14,0.0411,8.89,2634,499,0,0
2023-11-30,3916,4029,262,6838,0.0383,0.3857,166.7,1053,2976,6,0.0229,12.43,2367,410,0,0
2023-12-01,3597,3610,266,6043,0.044,0.2906,144.3,1238,2372,8,0.0301,10.11,1883,539,0,0
2023-12-02,3298,3367,181,4744,0.0382,0.1635,156.5,1110,2257,9,0.0497,7.73,1908,187,0,0
2023-12-03,3446,3490,185,4614,0.0401,0.2248,189.1,853,2637,8,0.0432,9.64,1931,346,1,0
2023-12-04,3736,3774,192,6382,0.0301,0.3738,200.0,845,2929,5,0.026,6.08,2168,223,0,0
2023-12-05,4267,4283,315,7175,0.0439,0.514,200.0,1136,3147,9,0.0286,9.47,2701,283,0,0
2023-12-06,4400,4457,346,7998,0.0433,0.4426,134.6,1160,3297,10,0.0289,12.86,2747,394,0,0
2023-12-07,4038,4087,173,5637,0.0307,0.4098,153.4,1170,2917,7,0.0405,11.37,2095,268,0,0
2023-12-08,3765,3813,207,5544,0.0373,0.3542,165.5,1096,2717,9,0.0435,6.24,2416,558,0,0
2023-12-09,3368,3370,196,3950,0.0496,0.212,177.2,1053,2317,8,0.0408,7.92,1923,488,0,0
2023-12-10,3527,3517,192,4999,0.0384,0.2902,200.0,972,2545,7,0.0365,7.0,2151,294,0,0
2023-12-11,4008,3970,270,6746,0.04,0.313,200.0,856,3114,12,0.0444,7.31,2068,452,0,0
2023-12-12,4466,4493,305,6320,0.0483,0.4714,195.0,1477,3016,10,0.0328,12.25,2699,464,0,1
2023-12-13,4580,4493,324,7315,0.0443,0.4551,185.2,1107,3386,8,0.0247,6.85,2406,591,0,0
2023-12-14,4025,4005,244,5855,0.0417,0.4083,155.0,1385,2620,9,0.0369,9.2,2266,452,0,0
2023-12-15,3741,3705,266,5798,0.0459,0.2675,145.2,807,2898,13,0.0489,5.19,1862,185,0,0
2023-12-16,3313,3265,196,4148,0.0473,0.2879,183.6,1122,2143,9,0.0459,5.54,1707,412,0,0
2023-12-17,3418,3398,202,5155,0.0392,0.3761,185.7,726,2672,8,0.0396,8.77,1746,424,0,0
2023-12-18,4033,3996,142,3603,0.0394,0.2996,197.8,938,3058,6,0.0423,5.89,2142,403,0,0
2023-12-19,4633,4539,250,6639,0.0377,0.4112,188.1,940,3599,12,0.048,9.34,2338,637,0,0
2023-12-20,4603,4511,261,5295,0.0493,0.4591,200.0,1379,3132,9,0.0345,7.64,2724,635,0,0
2023-12-21,4279,4230,324,7365,0.044,0.4327,88.6,1386,2844,10,0.0309,8.4,2133,433,0,0
2023-12-22,3956,3888,204,6437,0.0317,0.2786,160.9,1031,2857,10,0.049,9.55,2304,431,0,0
2023-12-23,3438,3396,256,5411,0.0473,0.1109,174.0,1152,2244,12,0.0469,12.07,1770,508,0,0
2023-12-24,3815,3796,271,6849,0.0396,0.3398,165.1,1095,2701,8,0.0295,14.22,2436,303,0,0
2023-12-25,4005,4017,165,5263,0.0314,0.388,200.0,1183,2834,6,0.0364,5.36,2571,331,0,1
2023-12-26,4178,4204,319,7775,0.041,0.341,200.0,1374,2830,10,0.0313,6.57,2244,287,0,0
2023-12-27,4590,4623,299,7796,0.0384,0.4171,185.1,1130,3493,7,0.0234,17.15,2738,645,0,0
2023-12-28,4287,4259,294,6187,0.0475,0.4718,99.9,1078,3181,14,0.0476,9.84,2147,530,0,0
2023-12-29,3852,3855,227,6658,0.0341,0.379,180.3,1295,2560,7,0.0308,10.7,2466,233,1,0
2023-12-30,3467,3461,206,4426,0.0465,0.2994,158.6,1160,2301,10,0.0485,8.72,2002,513,0,0
2023-12-31,3449,3480,191,4646,0.0411,0.263,200.0,1206,2274,5,0.0262,5.91,1763,428,0,0
2024-01-01,3741,3815,163,5258,0.031,0.3541,200.0,1279,2536,6,0.0368,8.01,2103,515,0,1
2024-01-02,4371,4403,303,6139,0.0494,0.4216,181.2,965,3438,6,0.0198,13.83,2252,241,1,0
2024-01-03,4429,4441,230,5723,0.0402,0.5039,186.5,1437,3004,10,0.0435,10.35,2482,446,0,0
2024-01-04,4124,4152,259,7244,0.0358,0.3496,145.3,1086,3066,10,0.0386,7.47,2493,498,0,0
2024-01-05,3694,3777,215,5470,0.0393,0.2663,111.5,1317,2460,8,0.0372,5.47,2155,394,0,0
2024-01-06,3504,3585,265,5630,0.0471,0.303,196.7,971,2614,6,0.0226,6.23,1999,418,0,0
2024-01-07,3536,3546,177,4915,0.036,0.2696,183.2,1004,2542,5,0.0282,9.58,1836,467,0,0
2024-01-08,3790,3820,147,4339,0.0339,0.4189,192.9,1068,2752,3,0.0204,5.39,2050,334,0,0
2024-01-09,4480,4481,227,6964,0.0326,0.3946,190.6,1112,3369,7,0.0308,5.79,2308,604,0,0
2024-01-10,4662,4684,188,5235,0.0359,0.4448,178.8,990,3694,7,0.0372,11.6,2909,311,0,0
2024-01-11,4159,4145,281,6161,0.0456,0.3473,151.8,1386,2759,10,0.0356,6.5,2157,320,0,0
2024-01-12,3672,3685,178,4519,0.0394,0.307,163.9,1181,2504,7,0.0393,3.68,2172,200,0,0
2024-01-13,3417,3380,222,6413,0.0346,0.1786,146.5,747,2633,8,0.036,7.41,1864,292,0,0
2024-01-14,3456,3397,190,5715,0.0332,0.2474,183.9,1075,2322,5,0.0263,6.59,1814,299,0,0
2024-01-15,4098,4031,225,6132,0.0367,0.2782,200.0,1185,2846,6,0.0267,8.79,2402,526,0,0
2024-01-16,4407,4399,376,7710,0.0488,0.4629,200.0,1150,3249,9,0.0239,16.81,2501,507,0,0
2024-01-17,4640,4576,224,6089,0.0368,0.4833,171.0,1090,3486,10,0.0446,12.9,2563,429,0,0
2024-01-18,4127,4095,328,6588,0.0498,0.3069,174.7,1347,2748,13,0.0396,9.79,2412,472,0,0
2024-01-19,3726,3633,222,5595,0.0397,0.3733,153.7,1108,2525,6,0.027,7.92,2084,201,0,0
2024-01-20,3522,3450,180,5357,0.0336,0.3774,163.7,973,2477,5,0.0278,8.75,1882,235,1,0
2024-01-21,3467,3429,288,6016,0.0479,0.2741,193.8,999,2430,13,0.0451,7.01,2002,386,0,0
2024-01-22,4234,4139,267,6815,0.0392,0.3179,200.0,884,3255,11,0.0412,5.99,2485,472,0,0
2024-01-23,4339,4340,299,6761,0.0442,0.5694,200.0,1177,3163,12,0.0401,14.93,2187,553,1,0
2024-01-24,4533,4524,263,5289,0.0497,0.3815,200.0,1036,3488,8,0.0304,5.71,2578,409,1,0
2024-01-25,4302,4286,174,5606,0.031,0.3944,160.2,991,3295,5,0.0287,6.15,2180,524,0,0
2024-01-26,3540,3489,164,5148,0.0319,0.3156,176.7,1044,2445,8,0.0488,7.77,1842,413,0,0
2024-01-27,3151,3127,211,4749,0.0444,0.3198,154.0,1053,2074,9,0.0427,7.3,1826,458,1,0
2024-01-28,3258,3263,148,4157,0.0356,0.2898,190.4,850,2413,4,0.027,3.44,2055,233,0,0
2024-01-29,3988,4051,270,8030,0.0336,0.3251,195.5,936,3115,12,0.0444,8.21,2562,426,0,0
2024-01-30,4214,4284,238,7725,0.0308,0.3806,200.0,1274,3010,10,0.042,10.56,2187,472,0,0
2024-01-31,4737,4764,235,7720,0.0304,0.4304,166.1,1575,3189,7,0.0298,14.09,2681,714,0,0
2024-02-01,3980,4067,280,6159,0.0455,0.343,167.6,1270,2797,9,0.0321,7.04,2389,285,0,0
2024-02-02,3606,3646,174,5314,0.0327,0.309,134.4,1204,2442,4,0.023,7.62,1903,373,0,0
2024-02-03,3466,3489,180,4569,0.0394,0.2243,174.2,979,2510,4,0.0222,7.47,2145,295,0,0
2024-02-04,3563,3651,233,5533,0.0421,0.1971,200.0,1142,2509,10,0.0429,11.8,2233,375,0,0
2024-02-05,4086,4104,246,6368,0.0386,0.4128,168.7,907,3197,7,0.0285,8.21,2608,300,1,0
2024-02-06,4443,4446,170,5565,0.0305,0.4033,200.0,1121,3325,8,0.0471,5.57,2229,243,0,0
2024-02-07,4496,4527,324,7093,0.0457,0.3841,167.7,1170,3357,16,0.0494,10.88,2411,486,0,0
2024-02-08,4141,4156,184,6105,0.0301,0.385,112.5,1150,3006,4,0.0217,11.72,2594,347,0,0
